x,y,response,size,octave
2.39,73.41,0.008441,2.457,4
2.47,70.33,0.006822,2.208,3
2.52,202.38,0.006447,1.767,0
4.55,82.63,0.006296,2.395,4
5.65,275.11,0.008419,2.733,5
5.71,76.02,0.015270,3.691,9
5.71,76.02,0.015270,3.691,9
5.92,197.22,0.010027,3.824,9
7.22,73.13,0.007574,2.217,3
7.22,73.13,0.007574,2.217,3
7.28,67.89,0.007708,1.941,1
10.69,79.13,0.008123,4.168,10
11.63,67.03,0.006583,2.748,5
11.76,65.94,0.006161,3.999,10
14.06,73.42,0.012787,2.622,5
14.06,73.42,0.012787,2.622,5
14.45,240.82,0.005749,2.523,4
14.51,69.96,0.013880,2.763,5
15.25,101.24,0.005254,3.078,7
16.19,85.15,0.006902,3.388,8
16.55,84.98,0.006929,3.155,7
17.46,80.92,0.016737,3.454,8
17.86,252.73,0.005052,1.700,0
17.97,66.22,0.008767,4.202,10
18.33,161.77,0.009046,8.055,18
18.33,161.77,0.009046,8.055,18
18.39,72.51,0.007747,2.422,4
19.82,64.19,0.005270,1.875,1
20.03,262.37,0.007615,3.823,9
20.05,183.89,0.005041,3.604,8
20.36,61.59,0.016499,2.732,5
20.73,77.96,0.014667,3.021,6
20.73,77.96,0.014667,3.021,6
22.68,85.42,0.006533,1.684,0
22.77,101.14,0.006961,2.598,5
22.80,83.30,0.007920,1.737,0
23.15,111.41,0.006303,1.947,1
23.18,146.40,0.011070,11.909,22
23.81,73.89,0.016582,4.336,11
23.81,73.89,0.016582,4.336,11
24.48,98.46,0.007929,1.683,0
24.71,168.94,0.007305,4.594,11
25.69,64.02,0.008609,3.775,9
26.30,265.83,0.005954,3.714,9
27.42,79.36,0.010529,2.901,6
28.60,70.62,0.008659,1.905,1
28.60,70.62,0.008659,1.905,1
30.50,101.51,0.005472,1.678,0
30.96,138.23,0.006558,2.465,4
31.06,66.98,0.011657,4.956,12
31.06,66.98,0.011657,4.956,12
32.25,69.56,0.011310,8.019,18
33.00,64.67,0.009625,2.974,6
33.48,161.00,0.012090,3.647,9
33.70,145.49,0.019514,3.143,7
35.69,138.85,0.032715,5.799,14
35.69,138.85,0.032715,5.799,14
36.18,86.46,0.005357,2.630,5
36.38,155.76,0.029359,7.037,16
36.38,155.76,0.029359,7.037,16
36.38,155.76,0.029359,7.037,16
37.02,269.19,0.008430,4.664,11
38.41,64.64,0.010108,3.882,9
38.87,61.64,0.008325,7.424,17
39.03,270.98,0.005357,1.699,0
39.28,154.41,0.013930,2.896,6
39.35,164.37,0.013791,2.522,4
39.39,180.14,0.008463,9.731,20
39.88,151.99,0.032430,16.386,26
39.88,151.99,0.032430,16.386,26
39.90,69.07,0.009294,2.876,6
40.09,146.33,0.024497,2.811,6
40.38,131.47,0.037652,2.854,6
40.40,160.96,0.029385,3.464,8
40.75,91.53,0.005836,2.090,2
40.81,161.34,0.030094,3.040,6
41.49,136.86,0.022346,4.314,10
41.83,137.07,0.022227,4.549,11
42.63,142.95,0.019620,2.779,5
43.30,146.82,0.014066,2.018,2
44.62,69.44,0.012772,3.285,7
44.65,69.52,0.012579,3.387,8
45.85,166.32,0.015545,7.723,17
46.31,129.55,0.011591,1.707,0
46.79,105.32,0.005589,1.923,1
46.79,73.28,0.006275,2.125,2
46.84,58.97,0.007915,6.194,15
47.20,59.76,0.008081,4.830,12
47.27,133.54,0.011340,3.461,8
48.46,134.75,0.007971,2.062,2
48.66,158.61,0.033890,3.888,9
48.66,158.61,0.033890,3.888,9
49.47,84.75,0.005897,4.714,11
49.63,124.01,0.006594,9.932,20
49.64,254.40,0.005029,3.390,8
49.65,100.03,0.007008,1.749,0
49.68,137.40,0.024095,2.189,3
49.68,137.40,0.024095,2.189,3
49.99,97.10,0.005552,2.507,4
50.11,113.52,0.005200,1.784,0
50.16,142.19,0.012703,3.672,9
50.27,272.13,0.006965,2.907,6
50.51,111.19,0.005473,2.024,2
51.11,67.75,0.013416,5.273,13
51.36,317.98,0.010729,4.491,11
51.36,317.98,0.010729,4.491,11
51.41,149.31,0.016964,3.756,9
52.47,117.63,0.005603,1.922,1
53.31,73.98,0.006946,2.090,2
53.81,58.88,0.011941,3.171,7
55.56,52.49,0.012098,2.579,5
57.13,274.28,0.006336,3.095,7
61.39,59.40,0.008064,6.465,15
61.68,56.90,0.009053,2.168,3
61.81,59.71,0.007944,6.861,16
62.57,276.42,0.005512,2.313,3
63.29,101.93,0.008283,2.490,4
63.64,51.42,0.010277,5.833,14
64.15,88.07,0.008643,2.868,6
64.39,84.48,0.007175,2.904,6
66.12,56.57,0.006093,1.977,1
66.16,144.77,0.005348,6.974,16
66.16,144.77,0.005348,6.974,16
66.90,74.42,0.009376,3.141,7
66.90,74.42,0.009376,3.141,7
67.03,328.64,0.010424,4.714,11
67.86,63.40,0.010987,16.815,26
68.15,113.86,0.005819,2.388,4
68.15,113.86,0.005819,2.388,4
69.28,101.62,0.006858,1.873,1
69.33,104.23,0.006450,2.433,4
70.58,196.15,0.007020,17.130,26
70.58,196.15,0.007020,17.130,26
70.84,91.56,0.007081,2.635,5
71.35,136.85,0.005658,6.416,15
71.57,322.83,0.005054,5.527,13
71.64,166.09,0.005969,4.864,12
71.76,94.84,0.005489,2.455,4
71.76,94.84,0.005489,2.455,4
71.95,104.63,0.005090,17.212,26
71.95,104.63,0.005090,17.212,26
71.98,116.80,0.009600,2.610,5
72.08,52.50,0.008984,1.953,1
72.36,98.52,0.005753,2.900,6
72.77,113.21,0.006292,2.995,6
72.90,49.34,0.011857,5.653,14
73.23,148.64,0.006050,3.663,9
73.61,109.44,0.005326,1.803,0
74.13,253.99,0.006232,2.840,6
74.55,79.59,0.005862,2.304,3
74.76,95.18,0.005056,2.623,5
75.54,143.68,0.005423,2.729,5
76.55,44.56,0.008018,2.459,4
76.68,281.84,0.006694,2.940,6
77.32,79.41,0.005352,1.960,1
77.65,104.10,0.005982,2.357,3
77.81,239.09,0.014209,8.615,18
77.94,156.98,0.005063,8.790,19
78.66,251.43,0.005250,3.037,6
78.71,54.03,0.013734,1.825,1
79.00,51.21,0.012694,2.426,4
79.86,142.47,0.005031,2.341,3
79.86,142.47,0.005031,2.341,3
80.79,260.71,0.007190,3.215,7
81.74,107.83,0.005705,1.830,1
82.17,49.91,0.008092,1.751,0
82.22,58.28,0.011103,2.842,6
82.41,38.94,0.005219,11.658,22
82.47,98.60,0.008633,1.742,0
82.79,61.54,0.005244,1.833,1
82.82,45.95,0.006268,1.687,0
83.03,64.46,0.012829,2.372,4
83.27,94.30,0.005807,1.943,1
83.31,39.81,0.005314,10.221,20
84.10,284.79,0.008335,3.895,9
84.62,80.52,0.006849,5.481,13
84.82,67.14,0.008024,2.532,4
85.77,164.67,0.005164,6.998,16
86.58,113.36,0.009354,2.759,5
86.84,267.63,0.006379,1.980,1
86.98,87.38,0.006967,1.724,0
86.98,87.38,0.006967,1.724,0
87.12,74.99,0.005036,2.199,3
87.43,218.95,0.007453,22.397,29
87.66,238.12,0.006981,3.195,7
87.94,55.51,0.015569,10.859,21
88.00,89.68,0.005892,1.925,1
88.07,109.15,0.006567,3.576,8
88.33,258.27,0.006204,8.149,18
88.49,58.69,0.012655,1.821,0
88.63,61.09,0.010103,1.866,1
89.72,87.64,0.008583,1.732,0
89.72,87.64,0.008583,1.732,0
90.60,64.07,0.006316,2.171,3
90.87,105.30,0.006292,2.533,4
91.21,83.20,0.006742,2.348,3
92.53,291.61,0.005022,2.673,5
92.83,59.35,0.010690,2.739,5
93.10,40.76,0.010681,1.985,1
93.14,70.02,0.005313,1.837,1
93.32,46.62,0.012516,2.130,2
93.61,75.90,0.005883,1.937,1
93.87,50.10,0.008229,2.414,4
94.89,75.74,0.008042,6.898,16
94.89,75.74,0.008042,6.898,16
94.89,75.74,0.008042,6.898,16
95.06,75.41,0.008191,6.412,15
95.06,75.41,0.008191,6.412,15
95.37,88.42,0.005355,1.677,0
95.37,88.42,0.005355,1.677,0
95.39,102.42,0.007560,3.276,7
96.22,40.73,0.012349,2.780,5
96.28,57.89,0.006115,1.992,2
96.28,57.89,0.006115,1.992,2
96.35,45.49,0.017993,7.179,16
97.33,72.86,0.009000,2.691,5
97.42,69.65,0.010267,2.637,5
97.46,80.10,0.007389,2.740,5
97.85,49.77,0.013345,1.910,1
97.97,121.31,0.005137,3.171,7
98.37,66.48,0.006963,2.601,5
98.80,52.22,0.008568,1.908,1
99.40,38.98,0.005833,2.081,2
99.92,86.06,0.010476,2.194,3
99.99,41.49,0.010773,1.834,1
100.17,107.23,0.005348,4.292,10
100.17,107.23,0.005348,4.292,10
100.23,160.38,0.005298,3.751,9
101.06,44.51,0.007665,2.514,4
101.65,266.47,0.006350,2.232,3
101.95,53.62,0.018594,6.220,15
101.96,75.25,0.009169,3.192,7
102.42,294.74,0.011180,7.234,16
102.42,294.74,0.011180,7.234,16
103.11,214.10,0.007581,32.732,34
103.17,92.63,0.005213,2.226,3
103.41,258.26,0.005745,8.707,19
104.14,86.47,0.005341,2.129,2
104.46,71.41,0.010017,1.836,1
104.46,71.41,0.010017,1.836,1
105.26,230.42,0.005583,7.378,17
105.93,71.61,0.007599,3.998,10
106.65,71.94,0.007621,4.782,12
106.91,65.50,0.005214,2.831,6
107.32,235.22,0.005487,14.406,24
107.48,293.39,0.007786,2.424,4
107.51,62.05,0.007970,2.726,5
108.89,86.09,0.011621,2.199,3
108.90,55.68,0.013799,3.091,7
109.38,82.85,0.008824,3.167,7
110.65,102.27,0.006696,3.037,6
111.42,260.16,0.005957,3.005,6
111.56,91.13,0.005699,2.435,4
112.32,282.56,0.006750,2.635,5
113.00,88.58,0.007020,2.151,2
113.19,176.80,0.005524,6.442,15
113.20,177.03,0.005436,6.706,16
113.74,51.53,0.011889,2.674,5
114.10,320.05,0.006496,1.794,0
114.24,54.54,0.007885,1.702,0
114.31,271.65,0.006903,4.497,11
114.96,73.47,0.007996,4.177,10
115.04,73.53,0.008103,4.008,10
115.46,34.28,0.006224,2.237,3
116.11,78.52,0.008193,3.759,9
116.11,78.52,0.008193,3.759,9
116.80,112.15,0.005782,4.824,12
116.96,66.46,0.006284,2.059,2
117.34,50.98,0.005875,2.406,4
117.62,113.53,0.005743,2.068,2
117.62,113.53,0.005743,2.068,2
117.83,237.58,0.007929,4.828,12
118.15,62.23,0.007653,4.863,12
118.38,275.57,0.006689,2.728,5
118.61,32.14,0.009880,3.673,9
118.96,280.12,0.005255,3.820,9
120.01,316.93,0.005487,5.172,13
120.52,62.84,0.007852,1.796,0
121.32,38.41,0.013510,3.840,9
121.40,280.66,0.005761,1.680,0
122.23,55.97,0.009269,4.490,11
122.23,55.97,0.009269,4.490,11
122.73,315.44,0.006436,2.457,4
122.81,48.02,0.014861,5.148,12
123.02,85.38,0.007255,1.846,1
123.91,39.35,0.014564,2.634,5
123.96,317.73,0.005310,1.750,0
124.23,75.87,0.009619,5.117,12
124.28,42.48,0.012788,2.272,3
124.41,36.35,0.008155,2.057,2
125.47,63.83,0.005141,2.864,6
126.07,28.43,0.007165,2.038,2
127.69,54.51,0.010344,2.692,5
128.06,60.74,0.012898,2.840,6
128.25,81.88,0.007077,1.843,1
128.26,41.49,0.011750,3.956,9
128.54,50.25,0.016478,2.621,5
128.61,39.71,0.010699,2.303,3
128.67,34.11,0.012229,1.842,1
128.78,215.65,0.007509,11.977,22
129.67,322.04,0.010619,4.500,11
129.67,322.04,0.010619,4.500,11
130.07,165.37,0.005427,8.936,19
130.63,64.48,0.005313,2.587,5
130.72,325.90,0.006783,2.807,5
130.83,278.83,0.005015,2.392,4
130.83,278.83,0.005015,2.392,4
131.09,43.96,0.007340,1.792,0
131.10,47.37,0.008621,2.401,4
131.16,58.81,0.008335,2.139,2
131.43,31.95,0.011342,2.747,5
131.43,31.95,0.011342,2.747,5
131.53,53.32,0.009922,2.684,5
131.76,35.00,0.010767,5.399,13
131.76,35.00,0.010767,5.399,13
131.85,120.10,0.008620,3.138,7
131.85,120.10,0.008620,3.138,7
131.93,281.60,0.006813,1.914,1
131.93,281.60,0.006813,1.914,1
132.42,41.43,0.009797,2.058,2
133.05,56.53,0.008375,1.981,1
133.05,56.53,0.008375,1.981,1
134.08,51.31,0.007186,5.386,13
134.34,167.55,0.005270,4.314,10
134.68,45.96,0.010883,2.236,3
135.18,43.04,0.005040,2.169,3
135.20,63.00,0.005666,1.970,1
135.83,268.99,0.008111,5.614,13
136.09,49.08,0.007495,2.445,4
137.03,38.36,0.010660,2.039,2
137.07,159.43,0.005263,3.050,6
137.14,175.99,0.006567,3.217,7
137.18,327.91,0.005284,2.858,6
137.64,35.59,0.006820,2.020,2
139.61,163.73,0.006598,3.790,9
139.61,163.73,0.006598,3.790,9
139.83,73.82,0.005449,2.223,3
139.99,89.71,0.006231,2.262,3
140.77,83.32,0.005798,1.976,1
140.77,83.32,0.005798,1.976,1
141.10,168.92,0.005613,3.661,9
141.39,174.20,0.006969,2.953,6
141.39,174.20,0.006969,2.953,6
141.66,224.51,0.005506,10.524,21
141.66,224.51,0.005506,10.524,21
141.78,51.39,0.005526,3.085,7
142.08,214.03,0.006155,5.062,12
142.39,208.21,0.005668,5.472,13
142.42,86.81,0.006885,2.470,4
142.48,147.91,0.005469,7.193,16
142.86,188.86,0.009970,5.340,13
143.02,201.56,0.006852,2.372,4
143.34,69.04,0.006454,1.916,1
144.66,166.01,0.005599,2.949,6
144.66,166.01,0.005599,2.949,6
145.52,327.06,0.007385,2.668,5
145.58,171.58,0.008817,3.318,7
145.61,62.73,0.005107,2.013,2
145.93,74.86,0.008917,2.135,2
145.93,74.86,0.008917,2.135,2
145.94,253.99,0.014102,1.740,0
146.26,30.00,0.013954,9.731,20
146.49,271.41,0.007547,5.033,12
146.81,158.08,0.006292,8.033,18
146.90,48.91,0.013790,2.781,5
146.99,55.84,0.010121,5.334,13
146.99,55.84,0.010121,5.334,13
147.25,65.57,0.005303,2.021,2
148.09,45.50,0.010508,3.212,7
148.17,168.88,0.007598,1.997,2
148.28,184.74,0.007641,4.881,12
148.28,184.74,0.007641,4.881,12
148.91,216.99,0.008536,6.012,14
149.50,161.80,0.005212,2.822,6
149.57,216.10,0.008254,7.121,16
151.13,74.54,0.006484,5.199,13
151.70,184.42,0.006490,1.697,0
151.79,227.43,0.005214,2.694,5
152.12,33.13,0.008856,1.782,0
152.80,35.51,0.005181,1.732,0
153.31,174.35,0.018152,4.583,11
153.54,186.90,0.005085,2.739,5
153.64,179.11,0.017149,4.096,10
153.64,179.11,0.017149,4.096,10
153.86,64.73,0.007274,1.911,1
154.02,162.09,0.014037,2.406,4
154.13,43.93,0.005519,3.800,9
154.13,43.93,0.005519,3.800,9
154.13,73.16,0.005279,2.648,5
154.48,29.18,0.009250,2.912,6
154.85,67.33,0.010045,2.233,3
155.89,287.84,0.007142,4.410,11
156.14,36.27,0.005238,2.461,4
156.73,50.80,0.006446,8.934,19
157.62,30.56,0.006652,1.758,0
158.77,40.17,0.010044,3.697,9
158.77,40.17,0.010044,3.697,9
158.77,40.17,0.010044,3.697,9
158.92,33.55,0.011658,2.689,5
159.49,51.95,0.008608,2.029,2
159.63,279.31,0.005835,15.769,25
159.76,274.15,0.008406,3.989,10
160.18,36.63,0.007749,2.123,2
160.37,329.17,0.006304,2.091,2
160.44,43.50,0.005749,1.737,0
160.51,251.03,0.012264,20.905,29
160.75,28.02,0.008653,3.162,7
161.67,79.64,0.005535,1.905,1
161.67,79.64,0.005535,1.905,1
163.02,132.03,0.006893,3.755,9
163.21,34.95,0.015200,13.422,24
163.38,238.92,0.014701,4.732,12
163.64,34.05,0.015461,12.486,23
164.22,50.81,0.009970,2.902,6
164.39,31.81,0.015464,9.819,20
164.56,30.53,0.015852,7.422,17
164.69,139.66,0.005372,15.019,25
164.69,139.66,0.005372,15.019,25
164.91,126.05,0.005700,3.864,9
165.29,235.76,0.014552,9.727,20
165.37,36.54,0.015468,2.657,5
166.00,68.31,0.005104,1.791,0
166.35,19.96,0.011740,9.075,19
167.41,275.52,0.008114,3.179,7
167.56,53.65,0.006316,2.657,5
167.59,44.98,0.005703,2.345,3
168.27,102.43,0.005179,1.791,0
168.27,102.43,0.005179,1.791,0
168.67,34.48,0.010665,2.807,5
169.16,249.30,0.008361,1.881,1
169.28,99.63,0.005423,2.528,4
169.34,40.99,0.010022,3.405,8
169.40,48.18,0.007733,3.118,7
169.40,48.18,0.007733,3.118,7
169.42,40.98,0.010126,3.340,7
169.90,132.40,0.005394,5.569,13
170.17,111.01,0.006739,1.751,0
171.05,120.10,0.005785,1.904,1
171.15,297.53,0.005391,15.817,25
171.45,79.44,0.006614,7.696,17
171.57,24.76,0.012504,2.453,4
171.81,27.65,0.011059,1.962,1
171.85,155.82,0.007167,9.865,20
171.85,155.82,0.007167,9.865,20
172.28,87.50,0.008889,3.068,7
172.78,19.10,0.008420,4.298,10
172.93,300.25,0.005314,19.813,28
173.15,44.27,0.006892,3.004,6
173.15,44.27,0.006892,3.004,6
173.50,107.40,0.006769,2.001,2
173.67,126.58,0.007805,6.119,14
173.80,55.48,0.011424,3.312,7
174.40,38.32,0.010339,3.639,8
174.40,38.32,0.010339,3.639,8
174.45,246.35,0.021720,6.185,15
175.50,64.44,0.005755,2.343,3
175.69,261.41,0.008637,2.388,4
175.94,61.63,0.009314,1.771,0
176.08,12.31,0.013977,12.187,22
176.26,41.12,0.006063,2.019,2
176.32,38.57,0.010654,1.943,1
176.46,120.04,0.005167,2.046,2
177.04,72.76,0.008301,1.975,1
178.17,254.37,0.012825,7.133,16
178.17,254.37,0.012825,7.133,16
179.43,48.56,0.011963,2.816,6
179.46,42.38,0.006470,4.433,11
179.49,118.13,0.005172,1.891,1
179.49,118.13,0.005172,1.891,1
179.62,45.94,0.005698,1.909,1
179.89,19.59,0.012290,3.245,7
179.94,19.70,0.012141,3.426,8
180.98,56.27,0.011971,52.309,39
181.75,14.59,0.016237,4.690,11
181.90,53.87,0.009544,5.386,13
182.82,129.09,0.006537,4.564,11
183.10,78.55,0.005196,2.789,5
183.10,78.55,0.005196,2.789,5
184.14,62.29,0.005311,2.577,5
184.59,58.93,0.005637,2.191,3
184.59,58.93,0.005637,2.191,3
184.95,4.48,0.009253,2.458,4
185.01,24.28,0.011282,3.451,8
185.89,7.82,0.011753,2.460,4
185.91,290.88,0.007215,1.782,0
186.08,264.57,0.005592,8.807,19
186.55,157.37,0.005360,11.377,22
186.73,262.79,0.006053,6.494,15
187.14,41.45,0.008651,2.581,5
187.75,58.55,0.007348,5.490,13
187.76,80.18,0.007553,3.958,9
188.02,35.14,0.009072,1.748,0
188.38,44.96,0.030261,2.136,2
188.38,44.96,0.030261,2.136,2
188.71,74.53,0.007052,3.731,9
188.71,74.53,0.007052,3.731,9
188.71,128.80,0.006319,8.498,18
188.79,83.35,0.005533,1.742,0
188.97,86.40,0.007404,2.687,5
189.09,61.79,0.007852,2.651,5
189.62,118.79,0.007128,2.683,5
189.70,65.71,0.005771,2.865,6
189.70,65.71,0.005771,2.865,6
190.16,5.06,0.020605,4.779,12
190.16,5.06,0.020605,4.779,12
191.14,256.09,0.012098,3.602,8
191.45,81.97,0.006261,1.981,1
191.46,97.91,0.007086,2.565,4
192.12,37.72,0.009493,5.363,13
192.14,93.23,0.017450,3.775,9
192.14,93.23,0.017450,3.775,9
192.20,9.93,0.010951,2.925,6
192.50,105.39,0.008464,1.725,0
192.63,31.91,0.011786,2.035,2
193.05,17.07,0.020170,13.299,23
193.32,147.08,0.007907,5.526,13
193.32,147.08,0.007907,5.526,13
193.69,25.93,0.007223,2.512,4
194.29,97.48,0.005336,1.799,0
195.14,28.69,0.008167,1.845,1
195.20,76.04,0.007093,3.542,8
195.57,115.60,0.006739,1.869,1
196.06,54.31,0.006915,3.758,9
196.29,75.20,0.007038,2.312,3
196.31,293.11,0.007765,1.896,1
196.40,87.08,0.005680,4.910,12
196.74,41.02,0.010359,1.866,1
197.20,37.21,0.007820,3.640,8
197.27,72.79,0.008727,1.711,0
197.84,105.68,0.005143,1.766,0
197.84,105.68,0.005143,1.766,0
198.27,45.63,0.005732,1.827,1
198.69,283.75,0.008628,3.636,8
198.71,124.67,0.006678,4.928,12
199.18,109.67,0.009034,1.764,0
199.18,109.67,0.009034,1.764,0
199.24,246.08,0.005986,2.284,3
199.33,58.37,0.008243,3.616,8
199.57,58.69,0.008152,3.991,10
199.62,92.61,0.007893,3.347,8
199.63,139.48,0.006177,9.057,19
199.71,101.78,0.005308,4.238,10
199.71,153.07,0.007290,9.602,20
200.50,52.22,0.006062,1.785,0
200.75,14.43,0.007950,2.286,3
201.26,287.58,0.006623,2.664,5
201.51,11.05,0.006104,2.123,2
201.76,55.24,0.008458,2.434,4
202.50,89.08,0.006027,2.384,4
202.89,129.76,0.008318,2.678,5
202.89,129.76,0.008318,2.678,5
203.02,64.12,0.005558,2.094,2
203.47,22.87,0.012906,4.018,10
203.55,293.93,0.008382,2.841,6
203.71,61.34,0.006970,2.406,4
203.82,107.43,0.005619,4.503,11
203.89,55.08,0.008627,4.296,10
203.96,88.13,0.006496,5.434,13
204.00,38.88,0.005899,4.388,11
204.12,98.44,0.006696,2.459,4
204.20,122.47,0.006469,2.122,2
204.71,258.29,0.015293,3.892,9
204.76,49.73,0.009008,2.269,3
204.76,49.73,0.009008,2.269,3
205.51,79.26,0.007767,3.416,8
205.86,177.98,0.005591,3.588,8
205.87,178.28,0.005624,3.324,7
206.17,64.37,0.008340,8.549,18
206.17,64.37,0.008340,8.549,18
206.36,30.30,0.008957,2.375,4
206.69,285.02,0.006525,3.728,9
207.01,117.35,0.006295,2.268,3
207.28,336.85,0.008413,3.827,9
207.47,331.70,0.010513,4.274,10
207.62,246.21,0.005950,7.257,16
207.84,5.08,0.005036,2.103,2
207.93,75.56,0.009824,2.469,4
207.93,75.56,0.009824,2.469,4
208.30,8.41,0.008213,3.200,7
208.31,147.13,0.005063,2.366,4
208.31,147.13,0.005063,2.366,4
208.40,72.46,0.008380,2.701,5
208.49,270.45,0.012346,2.039,2
208.58,29.00,0.014031,10.751,21
208.63,256.22,0.005235,1.773,0
208.63,256.22,0.005235,1.773,0
208.63,256.22,0.005235,1.773,0
209.84,293.56,0.006668,2.030,2
209.92,340.43,0.008866,2.663,5
209.92,340.43,0.008866,2.663,5
210.18,182.15,0.005737,7.014,16
210.57,36.68,0.007053,1.790,0
211.86,133.14,0.009888,1.713,0
211.98,336.55,0.006776,2.665,5
212.07,76.30,0.010791,2.852,6
212.75,157.73,0.006222,4.285,10
212.94,104.73,0.013948,1.770,0
213.08,141.11,0.006204,3.230,7
213.50,252.03,0.005581,2.214,3
213.50,252.03,0.005581,2.214,3
213.72,95.75,0.005326,2.232,3
213.72,95.75,0.005326,2.232,3
213.96,112.28,0.008701,1.797,0
214.05,116.87,0.005224,3.179,7
214.14,293.59,0.006726,1.826,1
214.26,239.72,0.005761,5.027,12
214.46,90.49,0.009620,2.327,3
214.66,258.12,0.010142,2.924,6
214.69,32.89,0.006076,2.078,2
215.01,51.05,0.014117,16.478,26
215.55,79.68,0.015034,14.724,25
215.69,26.82,0.012214,6.489,15
215.95,255.68,0.007595,6.932,16
215.98,47.75,0.005791,4.246,10
215.98,47.75,0.005791,4.246,10
216.15,98.89,0.006416,2.558,4
216.27,93.25,0.006940,2.014,2
216.32,340.63,0.006668,1.805,0
216.42,138.08,0.008535,2.101,2
216.43,73.81,0.007541,4.058,10
216.46,86.71,0.008416,3.599,8
216.46,86.71,0.008416,3.599,8
216.50,271.51,0.017314,7.397,17
216.50,271.51,0.017314,7.397,17
216.97,144.03,0.007468,2.345,3
216.97,144.03,0.007468,2.345,3
217.77,207.65,0.005312,3.554,8
217.79,336.16,0.010557,4.505,11
218.04,34.89,0.009463,2.476,4
218.09,344.49,0.005905,7.248,16
218.30,165.42,0.007767,2.647,5
218.36,37.91,0.010055,2.256,3
218.42,154.57,0.006888,5.432,13
219.30,8.45,0.005167,2.600,5
219.46,48.53,0.005253,1.948,1
220.15,51.61,0.005879,2.804,5
220.30,221.27,0.005044,2.058,2
220.45,4.94,0.013884,3.742,9
220.54,40.71,0.005654,2.561,4
221.08,132.31,0.006351,2.925,6
221.08,132.31,0.006351,2.925,6
221.14,132.01,0.006293,3.379,8
221.57,32.75,0.008059,1.846,1
221.60,25.91,0.011548,4.117,10
221.60,32.84,0.007943,2.006,2
222.21,102.00,0.007925,2.354,3
222.27,194.25,0.008700,12.794,23
222.57,57.58,0.013183,3.715,9
222.57,258.16,0.006550,2.002,2
222.83,30.73,0.010461,2.036,2
222.83,30.73,0.010461,2.036,2
223.21,66.51,0.009459,3.081,7
223.36,72.85,0.010218,3.465,8
223.37,159.53,0.008364,3.029,6
223.37,159.53,0.008364,3.029,6
223.48,208.83,0.011440,1.990,2
223.48,208.83,0.011440,1.990,2
223.50,72.76,0.010437,3.275,7
223.55,80.35,0.013702,3.188,7
223.59,168.70,0.013748,26.481,31
223.79,338.39,0.005120,2.553,4
223.93,222.97,0.007228,4.619,11
224.24,91.69,0.010314,2.933,6
224.85,142.47,0.016474,2.976,6
225.13,108.46,0.011164,2.059,2
225.68,99.19,0.011144,3.848,9
225.73,112.55,0.005026,3.174,7
225.86,24.82,0.008932,1.931,1
225.91,148.20,0.014173,2.753,5
226.32,35.53,0.005995,1.883,1
226.49,78.33,0.011597,1.942,1
226.82,153.07,0.007543,2.219,3
226.91,105.04,0.006457,2.939,6
227.01,157.04,0.006022,1.848,1
227.29,42.86,0.010876,2.523,4
227.37,217.43,0.008888,4.073,10
227.37,76.36,0.013405,4.267,10
227.97,30.30,0.010627,2.392,4
228.08,227.73,0.007807,2.599,5
228.08,227.73,0.007807,2.599,5
229.38,9.96,0.006720,2.867,6
229.57,344.75,0.014060,7.848,17
229.58,102.92,0.012036,1.758,0
229.60,33.78,0.009204,2.384,4
229.61,134.49,0.021509,1.728,0
229.61,134.49,0.021509,1.728,0
229.68,253.64,0.008429,7.655,17
229.80,186.94,0.005372,3.718,9
229.87,142.25,0.035737,6.216,15
229.96,129.89,0.006583,2.153,2
230.47,152.59,0.020622,1.727,0
230.51,126.57,0.006719,4.118,10
231.15,163.69,0.006430,2.269,3
231.15,163.69,0.006430,2.269,3
231.19,160.71,0.008684,2.346,3
231.27,175.40,0.005066,2.932,6
231.32,218.24,0.005433,2.029,2
231.36,100.14,0.025082,2.029,2
231.36,100.14,0.025082,2.029,2
231.74,118.56,0.005980,1.869,1
232.16,132.80,0.012729,2.697,5
232.25,354.52,0.006365,5.222,13
232.85,142.14,0.015881,2.074,2
233.16,20.69,0.009410,2.972,6
233.16,20.69,0.009410,2.972,6
233.74,106.03,0.012473,5.219,13
233.82,213.18,0.008990,6.092,14
233.82,213.18,0.008990,6.092,14
234.18,338.72,0.005176,3.859,9
234.18,124.34,0.007146,2.339,3
234.25,149.99,0.020590,4.296,10
234.25,149.99,0.020590,4.296,10
234.26,48.06,0.021611,7.002,16
234.40,157.46,0.010559,2.645,5
234.56,172.54,0.005397,2.498,4
234.96,25.76,0.011505,10.475,21
235.58,108.41,0.007668,2.243,3
235.59,146.31,0.023174,2.853,6
235.59,108.00,0.007500,2.639,5
235.66,139.38,0.030242,4.122,10
235.66,139.38,0.030242,4.122,10
235.72,86.53,0.012286,1.799,0
235.72,86.53,0.012286,1.799,0
235.78,176.94,0.006787,4.074,10
235.90,89.03,0.017465,2.018,2
236.30,34.84,0.009552,2.892,6
236.39,133.95,0.018394,1.944,1
236.39,133.95,0.018394,1.944,1
236.41,113.43,0.015947,2.211,3
236.65,120.93,0.014784,1.702,0
237.28,168.09,0.007194,2.217,3
237.40,91.85,0.024012,2.591,5
237.40,91.85,0.024012,2.591,5
237.54,253.78,0.006623,1.737,0
237.60,125.68,0.005496,2.067,2
237.60,125.68,0.005496,2.067,2
237.67,153.13,0.011395,1.972,1
237.75,229.10,0.006276,2.108,2
237.77,7.28,0.028080,3.544,8
237.81,161.23,0.008271,3.358,8
237.81,161.23,0.008271,3.358,8
237.81,161.23,0.008271,3.358,8
238.45,129.60,0.005465,2.096,2
238.58,84.89,0.011160,1.860,1
239.02,27.90,0.005312,3.261,7
239.02,170.95,0.009394,2.649,5
239.30,156.95,0.006023,1.849,1
239.40,105.58,0.006836,2.217,3
239.40,105.58,0.006836,2.217,3
239.96,114.68,0.033904,2.983,6
239.96,114.68,0.033904,2.983,6
239.96,114.68,0.033904,2.983,6
240.03,33.72,0.005547,1.739,0
240.13,174.99,0.005317,2.497,4
240.13,174.99,0.005317,2.497,4
240.16,258.40,0.007213,2.391,4
240.17,108.32,0.010550,1.785,0
240.17,108.32,0.010550,1.785,0
240.27,28.88,0.005850,1.752,0
240.57,110.93,0.017798,2.171,3
240.67,251.10,0.005808,1.828,1
240.67,251.10,0.005808,1.828,1
240.70,94.20,0.014693,1.687,0
240.97,163.38,0.006766,1.855,1
240.99,36.63,0.009271,9.643,20
241.01,11.47,0.009255,1.844,1
241.01,11.47,0.009255,1.844,1
241.02,214.09,0.008915,4.493,11
241.56,225.22,0.006015,4.425,11
241.56,225.22,0.006015,4.425,11
241.58,70.38,0.031682,28.072,32
241.61,168.05,0.005600,1.767,0
241.61,168.05,0.005600,1.767,0
241.88,8.49,0.016624,2.887,6
241.92,91.76,0.031307,2.436,4
241.92,91.76,0.031307,2.436,4
242.15,99.03,0.015917,4.764,12
242.25,352.52,0.010216,5.887,14
242.62,45.03,0.007425,2.733,5
242.69,229.65,0.005585,1.806,0
242.72,262.07,0.018807,4.310,10
242.89,150.96,0.026093,2.574,4
242.89,150.96,0.026093,2.574,4
243.26,138.47,0.027852,6.282,15
243.76,83.19,0.020187,3.665,9
243.86,25.09,0.005490,2.831,6
243.88,117.72,0.014055,3.883,9
243.88,117.72,0.014055,3.883,9
243.89,131.60,0.024465,3.849,9
244.07,216.61,0.005990,9.831,20
244.07,216.61,0.005990,9.831,20
244.09,97.46,0.009565,1.789,0
244.14,77.96,0.024760,2.600,5
244.28,108.02,0.009239,1.797,0
244.28,108.02,0.009239,1.797,0
244.29,37.66,0.006012,3.865,9
244.29,37.66,0.006012,3.865,9
244.87,104.44,0.008717,1.768,0
245.06,25.40,0.005302,1.795,0
245.20,123.07,0.019680,2.201,3
245.30,28.57,0.008573,2.975,6
245.39,159.45,0.014786,3.147,7
245.40,168.10,0.011291,4.736,12
245.55,167.99,0.011445,4.490,11
245.65,141.37,0.014365,2.315,3
245.77,141.43,0.014467,2.122,2
245.84,36.57,0.005597,1.941,1
246.09,153.77,0.017497,3.760,9
246.22,216.75,0.005939,11.413,22
246.22,216.75,0.005939,11.413,22
246.40,118.44,0.015202,2.003,2
246.42,95.56,0.014755,1.901,1
246.55,88.63,0.025281,2.357,3
246.56,120.88,0.029736,1.743,0
246.75,145.03,0.032664,3.479,8
246.75,145.03,0.032664,3.479,8
246.91,88.82,0.025109,2.626,5
247.43,49.85,0.024678,7.074,16
247.90,148.46,0.015891,2.486,4
248.01,148.17,0.016052,2.220,3
248.07,98.75,0.006701,2.834,6
248.18,93.54,0.015489,2.011,2
248.58,246.82,0.007964,13.649,24
248.60,246.48,0.008027,13.346,23
248.63,162.61,0.012804,3.145,7
248.89,162.68,0.012673,3.499,8
248.92,125.35,0.022676,3.918,9
249.02,90.39,0.027226,3.015,6
249.08,85.35,0.022505,3.776,9
249.14,102.16,0.008574,2.323,3
249.41,213.14,0.006009,2.738,5
249.51,228.44,0.005456,2.276,3
249.54,76.38,0.008972,1.925,1
249.60,74.85,0.010493,3.770,9
249.60,116.70,0.020935,2.878,6
249.60,116.70,0.020935,2.878,6
249.67,132.24,0.031965,3.604,8
249.67,132.24,0.031965,3.604,8
249.80,119.89,0.033919,5.003,12
250.13,24.93,0.008619,2.692,5
250.44,99.79,0.005911,1.697,0
250.69,356.75,0.006577,2.892,6
252.00,235.85,0.006372,5.134,12
252.21,113.92,0.013812,2.527,4
252.40,18.33,0.006039,2.270,3
252.81,118.81,0.017460,1.950,1
252.83,105.11,0.008567,1.927,1
253.14,135.39,0.033076,3.458,8
253.14,135.39,0.033076,3.458,8
253.42,21.26,0.008666,2.278,3
253.47,39.59,0.007503,2.939,6
254.07,97.62,0.016323,7.091,16
254.07,138.56,0.019550,2.322,3
254.07,131.39,0.022411,2.378,4
254.25,77.49,0.020604,2.304,3
254.25,77.49,0.020604,2.304,3
254.59,46.34,0.009186,3.557,8
254.59,46.34,0.009186,3.557,8
255.00,87.47,0.012669,2.380,4
255.03,82.17,0.021573,4.253,10
255.17,41.35,0.006633,7.687,17
255.17,41.35,0.006633,7.687,17
255.74,54.45,0.012503,1.805,0
255.95,101.64,0.012747,2.526,4
255.99,129.62,0.017896,2.444,4
256.08,71.10,0.006126,2.207,3
256.11,14.07,0.005540,3.360,8
256.66,355.15,0.006688,2.392,4
256.72,295.69,0.008103,2.314,3
256.94,106.11,0.039043,3.960,9
256.94,106.11,0.039043,3.960,9
257.17,132.92,0.027870,2.611,5
257.31,107.54,0.015714,30.502,33
257.41,14.87,0.006172,1.865,1
257.43,125.18,0.024290,5.313,13
257.65,74.52,0.006034,1.814,0
258.70,102.53,0.014570,2.314,3
259.08,116.10,0.019329,8.272,18
259.27,31.51,0.007366,2.293,3
259.30,128.62,0.025458,1.718,0
259.35,125.51,0.019961,3.035,6
259.45,90.07,0.015368,2.226,3
259.45,90.07,0.015368,2.226,3
259.46,99.97,0.005064,1.867,1
259.46,99.97,0.005064,1.867,1
259.96,125.98,0.020900,2.315,3
259.96,125.98,0.020900,2.315,3
260.58,11.20,0.005792,2.453,4
260.78,86.77,0.006276,2.502,4
260.78,86.77,0.006276,2.502,4
261.02,82.05,0.016405,2.805,5
261.02,82.05,0.016405,2.805,5
261.39,113.98,0.006293,1.746,0
261.68,14.24,0.007618,2.485,4
261.82,102.86,0.016342,3.797,9
261.88,69.08,0.011875,1.690,0
263.22,33.19,0.006014,1.940,1
263.46,35.93,0.005480,4.707,11
263.56,105.27,0.015390,2.291,3
263.67,119.81,0.036902,1.751,0
263.83,6.88,0.005697,3.637,8
264.29,78.87,0.013575,2.035,2
264.41,358.98,0.007248,2.120,2
264.41,358.98,0.007248,2.120,2
264.42,109.08,0.033528,2.204,3
264.42,109.08,0.033528,2.204,3
264.44,7.42,0.005821,2.778,5
264.49,126.69,0.020789,4.574,11
264.69,101.10,0.009411,2.065,2
264.73,122.44,0.019004,2.105,2
264.97,76.26,0.019397,6.249,15
265.20,113.44,0.013588,3.058,6
265.36,129.90,0.009376,1.907,1
265.36,129.90,0.009376,1.907,1
265.58,37.94,0.005346,2.373,4
265.71,103.65,0.025397,1.936,1
266.19,10.93,0.009790,2.771,5
266.67,31.28,0.008617,1.871,1
266.96,45.66,0.005017,3.168,7
267.21,104.56,0.030284,2.958,6
267.21,104.56,0.030284,2.958,6
267.49,23.53,0.010379,1.931,1
267.49,23.53,0.010379,1.931,1
267.53,108.62,0.018451,2.065,2
267.53,108.62,0.018451,2.065,2
267.68,98.05,0.028317,3.153,7
268.07,81.11,0.013862,2.815,6
268.14,71.12,0.017250,1.743,0
268.62,153.92,0.029507,39.224,36
268.81,3.92,0.005626,2.148,2
268.83,65.66,0.010437,1.701,0
268.96,40.77,0.005016,2.783,5
269.23,236.71,0.007670,1.785,0
269.23,236.71,0.007670,1.785,0
269.31,77.85,0.018863,1.933,1
269.41,9.86,0.006406,1.697,0
269.43,6.92,0.009411,2.434,4
269.93,362.99,0.006979,3.146,7
270.19,225.67,0.006108,4.801,12
270.19,225.67,0.006108,4.801,12
270.19,225.67,0.006108,4.801,12
270.48,359.67,0.008325,2.220,3
270.79,48.97,0.008278,2.521,4
270.86,75.51,0.023920,1.884,1
271.04,128.33,0.005953,1.915,1
271.04,128.33,0.005953,1.915,1
271.21,104.80,0.015347,2.265,3
271.21,104.80,0.015347,2.265,3
271.33,37.15,0.006429,2.254,3
271.49,101.85,0.031124,3.870,9
271.64,95.81,0.029458,3.821,9
271.88,85.33,0.023205,12.048,22
272.52,39.86,0.006682,1.700,0
272.62,308.50,0.006435,1.696,0
272.73,117.92,0.008959,1.753,0
272.78,132.88,0.014117,15.795,25
273.16,3.57,0.008663,2.397,4
273.67,68.46,0.019279,2.453,4
274.03,37.52,0.006795,2.250,3
274.04,87.97,0.030405,1.951,1
274.04,109.78,0.022839,2.905,6
274.25,118.98,0.022192,7.111,16
274.87,121.63,0.022520,3.172,7
274.87,372.95,0.005276,2.080,2
275.42,71.44,0.018768,2.631,5
275.45,101.60,0.015968,2.192,3
275.57,75.54,0.025637,3.221,7
275.81,61.94,0.023059,7.565,17
276.17,115.09,0.009784,1.797,0
276.21,50.99,0.008993,1.897,1
276.42,43.51,0.006429,7.263,16
276.87,33.26,0.005288,6.922,16
276.87,33.26,0.005288,6.922,16
276.87,33.26,0.005288,6.922,16
276.96,93.90,0.021912,3.488,8
277.30,97.40,0.018561,2.274,3
277.81,59.04,0.015972,1.914,1
277.83,105.87,0.013677,1.789,0
277.85,82.51,0.023284,7.263,16
277.88,360.81,0.006476,2.375,4
277.88,360.81,0.006476,2.375,4
278.00,85.83,0.014794,3.540,8
279.14,101.40,0.024087,5.951,14
279.17,78.45,0.016252,2.194,3
279.44,222.73,0.005570,4.999,12
279.64,213.05,0.005273,4.549,11
279.67,67.09,0.013771,2.697,5
280.32,31.10,0.007287,2.719,5
280.52,63.42,0.017363,2.557,4
280.64,122.85,0.019967,4.166,10
280.70,68.68,0.015903,4.910,12
280.76,92.18,0.019341,2.493,4
281.66,74.96,0.030340,4.262,10
281.70,102.79,0.018031,2.697,5
281.80,103.26,0.018004,2.145,2
282.11,367.20,0.009084,3.553,8
282.57,86.40,0.021130,2.821,6
282.77,106.10,0.017480,3.035,6
282.97,115.34,0.023130,6.069,14
283.26,95.43,0.025840,2.033,2
283.51,119.09,0.015309,2.019,2
283.77,166.11,0.020978,2.628,5
283.77,166.11,0.020978,2.628,5
283.77,166.11,0.020978,2.628,5
283.87,153.44,0.014885,2.337,3
283.87,153.44,0.014885,2.337,3
284.65,359.43,0.005835,2.408,4
284.84,100.61,0.016906,2.188,3
284.85,60.92,0.019623,2.222,3
285.63,296.02,0.009755,4.444,11
285.77,363.43,0.007852,3.758,9
285.81,299.62,0.008203,18.592,27
286.15,297.56,0.008598,6.686,16
286.24,89.54,0.025114,8.848,19
286.70,68.39,0.015327,4.365,11
287.57,122.76,0.022387,3.194,7
287.65,82.39,0.015636,2.748,5
288.21,127.10,0.009421,2.806,5
288.24,77.15,0.024710,4.796,12
288.32,365.47,0.009489,5.848,14
288.41,106.01,0.014149,1.724,0
288.41,106.01,0.014149,1.724,0
288.45,110.64,0.019578,1.847,1
288.48,72.59,0.007922,1.894,1
288.64,358.23,0.005549,5.590,13
289.09,46.00,0.005854,1.805,0
290.17,107.02,0.013294,2.870,6
290.18,176.42,0.013362,4.666,11
290.36,51.39,0.005870,2.740,5
290.36,94.24,0.023922,4.928,12
291.08,369.77,0.008854,2.695,5
291.21,96.27,0.020110,2.838,6
291.21,96.27,0.020110,2.838,6
291.27,6.11,0.011872,3.662,9
291.34,5.23,0.012133,2.674,5
291.34,5.23,0.012133,2.674,5
291.34,5.23,0.012133,2.674,5
291.48,65.53,0.013809,2.562,4
291.68,117.50,0.015003,1.800,0
292.07,88.72,0.028853,2.892,6
292.07,88.72,0.028853,2.892,6
292.46,126.67,0.014671,1.774,0
292.67,103.92,0.014137,1.984,1
292.91,182.63,0.013920,14.996,25
292.94,365.46,0.007309,3.845,9
293.75,85.40,0.019605,2.675,5
294.35,43.03,0.008098,1.931,1
294.48,64.48,0.014348,2.435,4
294.68,73.42,0.012359,2.666,5
295.00,8.74,0.016062,2.043,2
295.03,52.72,0.007652,1.678,0
295.03,52.72,0.007652,1.678,0
295.21,43.87,0.007856,3.642,8
295.35,77.20,0.023989,2.635,5
295.35,77.20,0.023989,2.635,5
295.49,371.95,0.010729,1.771,0
295.59,79.35,0.021791,5.069,12
295.67,60.11,0.009085,1.788,0
295.74,117.12,0.012597,3.424,8
295.75,210.06,0.005866,5.008,12
295.78,369.46,0.010285,2.041,2
295.83,117.50,0.012974,3.078,7
295.92,168.31,0.014002,9.960,20
295.98,180.55,0.014650,11.741,22
296.06,360.24,0.005353,5.125,12
296.10,117.94,0.013101,2.656,5
296.24,95.29,0.024715,3.784,9
296.24,95.29,0.024715,3.784,9
296.34,118.34,0.013264,2.236,3
296.37,90.00,0.027055,6.124,14
296.37,90.00,0.027055,6.124,14
296.37,90.00,0.027055,6.124,14
296.64,243.47,0.021724,74.732,43
296.92,104.77,0.020826,3.203,7
296.95,71.64,0.011071,4.359,11
296.99,108.44,0.010850,2.502,4
297.15,40.72,0.006261,2.504,4
297.67,169.54,0.014306,7.741,17
297.84,25.91,0.014416,2.526,4
298.16,11.52,0.005641,1.879,1
298.57,69.90,0.012596,1.950,1
298.72,58.31,0.009719,2.999,6
299.04,62.35,0.028468,3.507,8
299.18,12.61,0.005419,2.539,4
299.66,59.42,0.007338,31.924,34
299.78,86.31,0.016213,3.962,9
299.78,86.31,0.016213,3.962,9
299.92,82.06,0.029406,2.384,4
300.18,78.73,0.016744,2.593,5
300.21,24.49,0.018986,1.955,1
300.52,89.01,0.016108,1.690,0
300.54,85.41,0.017401,2.810,6
300.54,85.41,0.017401,2.810,6
300.54,37.70,0.005002,2.238,3
300.54,37.70,0.005002,2.238,3
300.84,29.63,0.005792,2.187,3
301.12,171.15,0.014924,4.614,11
301.31,368.83,0.008886,4.129,10
301.69,123.69,0.014209,3.355,8
301.69,123.69,0.014209,3.355,8
302.05,171.70,0.015532,3.577,8
302.09,104.57,0.013569,3.160,7
302.12,104.86,0.013293,3.401,8
302.13,74.35,0.009468,9.065,19
302.22,122.49,0.015803,2.231,3
302.35,372.86,0.008225,2.865,6
302.60,171.92,0.015690,3.099,7
302.79,171.99,0.015786,2.914,6
302.86,21.32,0.010247,3.234,7
302.93,89.75,0.024627,3.359,8
302.95,79.05,0.019924,4.027,10
302.95,79.05,0.019924,4.027,10
303.09,176.69,0.015414,5.043,12
303.14,87.91,0.024621,2.183,3
303.39,27.66,0.011072,2.408,4
303.43,93.82,0.030589,2.138,2
303.48,70.38,0.019123,2.740,5
303.54,8.52,0.008439,2.069,2
303.61,55.14,0.013828,2.580,5
303.70,83.98,0.020406,3.412,8
303.79,271.20,0.006072,6.515,15
303.79,271.20,0.006072,6.515,15
303.79,176.16,0.016007,4.163,10
303.89,2.94,0.006534,2.155,2
303.91,125.55,0.010748,1.944,1
303.98,33.02,0.008661,2.328,3
303.99,39.22,0.009538,2.458,4
304.27,76.20,0.012363,2.311,3
304.32,46.35,0.008467,2.089,2
304.34,63.80,0.015304,2.508,4
304.39,42.07,0.009573,1.936,1
304.58,120.28,0.025833,3.126,7
305.00,99.54,0.019522,1.786,0
305.04,235.02,0.006516,2.973,6
305.25,128.47,0.024403,1.919,1
305.25,128.47,0.024403,1.919,1
305.28,203.37,0.011780,1.932,1
305.72,110.07,0.012674,1.749,0
305.72,110.07,0.012674,1.749,0
305.80,295.34,0.007746,1.808,0
306.47,4.09,0.010490,1.960,1
306.47,6.91,0.009471,2.393,4
306.61,75.76,0.010259,12.096,22
306.71,30.28,0.012618,2.343,3
306.73,40.04,0.011306,2.158,2
306.76,35.76,0.013166,2.408,4
306.78,25.88,0.013178,2.287,3
306.78,25.88,0.013178,2.287,3
306.87,55.26,0.015642,2.166,2
306.87,55.26,0.015642,2.166,2
306.90,44.69,0.014243,2.555,4
307.00,67.57,0.012914,1.850,1
307.03,70.58,0.014878,2.073,2
307.17,364.82,0.005287,4.294,10
307.62,92.66,0.015541,1.719,0
307.91,63.09,0.022813,2.937,6
308.20,204.03,0.018638,3.970,9
308.59,98.71,0.011403,3.097,7
308.76,85.16,0.020254,4.040,10
308.85,99.13,0.011103,3.406,8
309.14,33.02,0.009760,1.962,1
309.18,23.50,0.009474,2.451,4
309.28,28.53,0.013118,2.151,2
309.86,50.51,0.013270,2.428,4
309.88,54.95,0.008829,2.106,2
310.32,60.03,0.015499,2.938,6
311.39,90.11,0.026353,2.978,6
311.47,26.49,0.006579,1.726,0
311.52,175.61,0.013820,2.966,6
311.56,169.99,0.018219,5.548,13
311.88,16.10,0.005635,1.941,1
311.88,16.10,0.005635,1.941,1
311.93,201.77,0.011467,3.084,7
312.00,201.66,0.011391,3.189,7
312.05,175.99,0.013458,3.557,8
312.15,58.17,0.013456,5.135,12
312.23,368.18,0.005919,1.892,1
312.38,18.77,0.007058,11.354,22
312.56,78.38,0.025878,1.826,1
312.91,81.69,0.021535,3.002,6
313.08,96.97,0.021543,2.104,2
313.08,96.97,0.021543,2.104,2
313.09,73.47,0.019195,5.481,13
313.94,67.20,0.017546,2.515,4
314.41,76.32,0.013262,2.110,2
314.51,45.81,0.006623,2.594,5
314.74,288.12,0.010291,2.518,4
314.86,52.64,0.008352,3.041,6
315.30,29.49,0.013393,2.104,2
315.79,372.54,0.007136,2.471,4
316.47,78.88,0.017827,2.335,3
317.50,60.86,0.010928,2.988,6
317.69,305.93,0.007318,2.480,4
318.07,368.47,0.005195,3.210,7
318.25,75.57,0.017078,2.844,6
318.58,64.45,0.018248,2.143,2
318.78,81.96,0.011317,1.936,1
318.78,81.96,0.011317,1.936,1
318.85,72.23,0.012746,2.337,3
318.91,291.74,0.008663,2.579,5
319.96,17.81,0.005215,1.731,0
319.98,87.19,0.006932,2.339,3
320.98,77.45,0.010893,1.794,0
320.98,77.45,0.010893,1.794,0
320.98,308.82,0.005590,2.756,5
321.11,48.07,0.008218,1.726,0
321.85,162.18,0.011986,2.931,6
321.86,162.32,0.012047,2.699,5
322.29,51.62,0.009898,1.782,0
322.31,80.51,0.007829,1.697,0
322.85,85.28,0.018675,3.831,9
322.98,79.21,0.008417,3.347,8
323.09,74.57,0.007020,1.696,0
323.09,74.57,0.007020,1.696,0
324.29,27.85,0.008183,5.810,14
324.43,232.80,0.005202,1.724,0
324.71,219.05,0.010154,14.463,24
324.81,54.38,0.014255,1.930,1
324.94,167.93,0.021771,8.882,19
325.04,286.15,0.021773,4.030,10
325.07,167.64,0.021987,8.614,18
325.07,167.64,0.021987,8.614,18
325.51,128.04,0.036557,85.240,45
326.29,50.43,0.008783,7.274,16
326.42,302.87,0.006503,1.746,0
326.83,70.25,0.018310,11.369,22
327.07,7.29,0.006930,5.746,14
328.58,238.52,0.010503,1.861,1
329.02,306.65,0.005495,1.794,0
329.05,299.00,0.006033,5.613,13
330.23,236.50,0.011803,10.011,20
330.26,18.94,0.022280,13.078,23
330.48,171.43,0.011614,2.817,6
330.79,240.42,0.005296,2.198,3
331.60,232.97,0.006419,1.788,0
332.39,167.73,0.013714,2.890,6
332.95,29.15,0.017109,5.843,14
333.04,288.57,0.008392,1.947,1
333.38,231.52,0.015765,2.322,3
333.77,238.13,0.012126,1.821,0
334.17,173.38,0.023037,2.951,6
335.12,170.32,0.022481,6.192,15
335.12,170.32,0.022481,6.192,15
335.23,4.93,0.008601,2.768,5
335.23,4.93,0.008601,2.768,5
336.55,232.96,0.006918,2.055,2
337.45,233.55,0.006465,3.173,7
337.54,173.43,0.012192,1.671,0
337.74,289.51,0.009771,2.688,5
337.78,56.94,0.007333,2.574,4
338.10,20.08,0.009476,2.833,6
338.19,8.35,0.008124,4.152,10
338.34,170.68,0.011020,2.315,3
339.18,235.47,0.006916,5.095,12
340.04,26.18,0.016101,5.139,12
340.12,17.38,0.015524,2.462,4
340.39,175.18,0.010572,5.087,12
340.77,205.13,0.023541,3.985,10
343.26,42.33,0.009891,6.259,15
344.07,51.61,0.005259,2.912,6
344.13,290.65,0.012240,2.353,3
344.75,32.57,0.032821,11.555,22
345.93,11.69,0.005980,3.075,7
345.94,206.34,0.017081,1.931,1
346.84,158.66,0.019375,1.709,0
347.63,264.75,0.008039,2.291,3
347.63,264.75,0.008039,2.291,3
348.13,201.32,0.008836,3.948,9
348.20,256.53,0.007119,7.533,17
348.87,182.91,0.011792,18.685,27
349.03,26.98,0.012303,3.685,9
349.23,160.14,0.007623,1.738,0
349.26,52.21,0.005549,3.430,8
349.34,160.15,0.007568,1.771,0
349.43,52.30,0.005592,3.306,7
350.37,212.08,0.008912,4.284,10
350.77,239.65,0.005301,15.887,25
350.77,239.65,0.005301,15.887,25
351.56,23.41,0.012992,3.573,8
351.84,56.27,0.005416,2.103,2
351.95,17.96,0.011913,10.706,21
352.38,13.97,0.006527,1.676,0
353.43,53.26,0.005295,2.995,6
354.55,20.26,0.011930,2.291,3
354.89,33.12,0.010464,3.745,9
355.00,42.08,0.013895,2.555,4
355.41,39.36,0.010748,1.937,1
356.08,45.19,0.006331,2.491,4
356.51,257.51,0.023457,1.924,1
357.68,17.35,0.013581,4.137,10
358.50,255.87,0.033340,4.470,11
359.38,53.67,0.005643,3.550,8
359.96,210.89,0.006928,4.148,10
360.05,167.47,0.011354,2.517,4
360.07,23.40,0.006105,5.596,13
360.32,232.89,0.011140,3.645,9
360.33,214.25,0.005446,7.209,16
360.99,260.02,0.027201,3.015,6
361.70,266.18,0.011930,2.517,4
362.08,21.26,0.007467,3.417,8
362.62,236.58,0.009485,1.916,1
363.57,32.55,0.007122,4.634,11
364.01,263.10,0.041435,3.026,6
364.16,41.13,0.014964,10.731,21
364.16,41.13,0.014964,10.731,21
364.78,247.18,0.014419,1.721,0
364.92,233.49,0.042261,2.712,5
364.92,233.49,0.042261,2.712,5
364.92,233.49,0.042261,2.712,5
365.11,160.40,0.007015,1.719,0
365.42,256.47,0.030456,11.643,22
365.42,256.47,0.030456,11.643,22
365.58,167.53,0.012066,1.987,2
365.97,173.86,0.006468,2.421,4
366.23,22.50,0.014937,2.331,3
366.30,265.89,0.014301,2.656,5
366.74,207.39,0.009896,2.867,6
367.44,301.19,0.006166,1.777,0
368.09,28.88,0.011691,2.179,3
368.65,164.99,0.027232,5.992,14
368.93,234.67,0.009720,3.370,8
368.96,203.86,0.007083,3.516,8
368.97,21.55,0.005026,1.738,0
370.32,174.93,0.017135,1.850,1
370.90,29.35,0.014914,1.983,1
371.48,24.00,0.007394,1.864,1
371.48,24.00,0.007394,1.864,1
371.87,302.13,0.006739,3.153,7
371.97,302.68,0.006482,3.703,9
372.24,140.48,0.020338,23.146,30
372.24,140.48,0.020338,23.146,30
373.34,180.26,0.013945,1.870,1
373.40,179.92,0.013703,2.235,3
374.20,30.85,0.005450,2.316,3
374.73,177.74,0.013959,4.608,11
374.90,56.02,0.005633,2.087,2
375.16,157.18,0.027939,6.481,15
375.16,157.18,0.027939,6.481,15
375.53,157.62,0.027285,7.071,16
375.53,157.62,0.027285,7.071,16
375.91,254.05,0.041183,4.297,10
376.38,59.55,0.005335,1.798,0
376.77,296.45,0.017593,1.979,1
376.98,4.86,0.009345,4.263,10
377.01,32.91,0.005517,2.320,3
377.19,128.34,0.011165,3.282,7
377.19,128.34,0.011165,3.282,7
377.36,105.56,0.023812,3.849,9
377.36,105.56,0.023812,3.849,9
377.44,179.96,0.014495,2.095,2
377.70,184.85,0.010496,2.191,3
378.17,54.39,0.014160,9.785,20
378.28,127.29,0.011488,5.052,12
378.41,87.99,0.028702,5.726,14
378.42,291.76,0.005754,1.871,1
378.76,294.08,0.012581,1.958,1
379.46,89.56,0.027327,7.683,17
379.50,123.59,0.010931,8.099,18
379.63,103.01,0.024592,7.667,17
379.88,31.83,0.006162,2.495,4
380.07,170.00,0.006657,2.536,4
380.07,170.00,0.006657,2.536,4
380.14,101.64,0.024303,8.970,19
380.47,77.19,0.032452,9.798,20
380.47,77.19,0.032452,9.798,20
380.58,27.89,0.009099,2.655,5
380.62,253.88,0.011557,2.377,4
380.77,13.75,0.010248,2.456,4
381.46,95.38,0.026239,12.979,23
381.61,295.53,0.009848,37.023,35
381.78,255.98,0.010662,4.357,11
382.10,281.73,0.015564,11.462,22
382.22,112.72,0.025257,5.971,14
382.75,300.34,0.020675,2.634,5
382.86,106.90,0.014069,2.761,5
383.02,149.99,0.026471,5.111,12
383.02,149.99,0.026471,5.111,12
383.33,62.94,0.009248,2.229,3
383.52,156.19,0.014185,4.208,10
383.75,10.92,0.009594,4.251,10
383.78,182.35,0.032505,2.027,2
384.56,16.53,0.011742,2.991,6
384.62,131.72,0.019352,1.937,1
384.82,234.29,0.008440,3.910,9
385.41,297.65,0.017004,2.824,6
385.93,228.90,0.009922,1.862,1
386.33,241.12,0.007725,3.604,8
386.40,21.78,0.006445,1.802,0
386.46,123.19,0.005489,1.811,0
386.79,231.35,0.008321,2.506,4
386.99,115.00,0.009991,2.277,3
387.17,42.11,0.016746,33.289,34
387.17,42.11,0.016746,33.289,34
387.26,54.20,0.005106,3.830,9
387.49,133.97,0.012983,2.597,5
387.58,149.65,0.010988,2.323,3
387.92,294.91,0.009068,2.358,3
388.09,145.21,0.014153,4.163,10
390.00,233.59,0.020101,1.681,0
390.00,143.78,0.013213,6.728,16
390.20,237.28,0.033662,1.997,2
390.85,239.44,0.011310,1.789,0
391.29,305.21,0.006469,1.761,0
391.57,227.57,0.008197,2.488,4
393.87,305.63,0.006530,1.924,1
396.38,347.35,0.005328,1.881,1
396.61,25.81,0.006404,4.360,11
401.39,296.73,0.007505,2.483,4
401.81,282.33,0.014520,9.345,19
402.45,279.41,0.013143,3.158,7
411.32,100.73,0.022816,41.941,37
411.43,265.44,0.008633,2.452,4
411.58,360.41,0.005178,1.688,0
411.98,105.12,0.007556,11.105,21
412.69,281.35,0.009990,3.631,8
413.54,190.10,0.006298,12.083,22
413.69,271.14,0.008795,2.123,2
415.12,307.81,0.009899,1.790,0
415.59,298.95,0.012191,3.571,8
415.74,291.83,0.007451,2.163,2
415.90,310.22,0.011775,2.287,3
416.17,285.91,0.006313,2.429,4
417.70,21.76,0.005645,2.098,2
417.83,271.96,0.007329,2.827,6
417.86,164.41,0.006060,4.463,11
417.86,164.41,0.006060,4.463,11
419.31,164.76,0.005881,2.960,6
419.56,292.31,0.006338,1.689,0
419.56,292.31,0.006338,1.689,0
420.03,172.35,0.006371,7.965,18
420.03,172.35,0.006371,7.965,18
420.12,269.43,0.009941,2.590,5
420.66,152.85,0.008361,9.170,19
420.66,152.85,0.008361,9.170,19
420.80,276.02,0.005203,2.026,2
421.11,20.62,0.005154,2.534,4
421.36,277.91,0.006774,3.651,9
421.63,282.06,0.011922,2.727,5
421.85,219.23,0.019749,93.047,46
421.85,219.23,0.019749,93.047,46
422.77,165.89,0.013588,2.741,5
422.77,165.89,0.013588,2.741,5
422.80,279.28,0.008270,1.988,2
423.34,161.22,0.014763,3.028,6
423.34,161.22,0.014763,3.028,6
425.46,172.76,0.006845,5.898,14
426.31,299.87,0.005982,1.693,0
426.77,163.92,0.008681,3.471,8
426.77,163.92,0.008681,3.471,8
427.49,61.25,0.005508,3.683,9
427.49,61.25,0.005508,3.683,9
427.77,60.98,0.005630,3.321,7
427.79,184.26,0.005768,3.667,9
428.29,173.43,0.005647,2.397,4
428.29,173.43,0.005647,2.397,4
428.54,159.27,0.006378,2.022,2
428.60,147.24,0.005422,1.739,0
429.00,275.50,0.011010,7.849,17
429.14,13.95,0.005280,2.646,5
429.90,153.06,0.008120,3.939,9
430.09,3.08,0.013559,2.731,5
430.30,290.83,0.013037,5.318,13
430.33,295.63,0.008296,1.950,1
431.28,148.75,0.006555,2.769,5
431.28,148.75,0.006555,2.769,5
431.38,305.16,0.007616,2.162,2
431.51,178.66,0.009779,7.078,16
432.20,17.25,0.006796,3.285,7
432.22,17.21,0.006762,3.378,8
432.65,92.00,0.005180,3.781,9
432.97,136.77,0.009822,13.427,24
433.39,4.55,0.005246,1.696,0
433.98,291.86,0.011103,1.911,1
434.01,277.73,0.005860,3.271,7
434.01,278.90,0.005659,2.011,2
434.21,320.40,0.008204,1.864,1
434.30,277.61,0.005917,2.791,5
434.58,137.77,0.010351,10.435,21
435.01,260.90,0.005305,1.834,1
435.09,137.49,0.010421,8.668,19
435.44,148.68,0.010973,3.598,8
436.26,299.40,0.006253,1.977,1
436.45,86.08,0.012087,4.930,12
436.52,4.96,0.005616,3.779,9
436.94,108.20,0.012713,3.501,8
437.29,152.85,0.006796,3.253,7
437.35,102.06,0.013143,3.136,7
437.37,108.05,0.012945,2.976,6
437.85,133.23,0.011668,2.306,3
438.02,128.97,0.011202,2.114,2
438.51,9.83,0.005577,4.208,10
438.88,314.84,0.010264,1.914,1
439.02,281.02,0.008885,5.141,12
439.32,160.99,0.007963,2.744,5
439.45,183.69,0.005754,3.062,6
439.53,184.06,0.005661,3.530,8
439.59,270.78,0.005286,1.894,1
439.84,275.03,0.005335,2.234,3
440.01,304.57,0.009062,1.974,1
440.63,288.31,0.014074,4.777,12
440.63,326.13,0.010422,2.088,2
440.82,104.84,0.024484,2.109,2
442.01,156.48,0.008978,9.404,19
442.18,313.11,0.010011,2.400,4
442.83,269.80,0.007358,2.501,4
443.20,286.18,0.006775,2.025,2
443.61,315.97,0.009416,1.818,0
443.88,279.35,0.014398,2.433,4
444.06,13.38,0.007968,2.768,5
444.48,303.33,0.006601,1.745,0
445.10,327.83,0.007601,2.748,5
445.16,186.23,0.007806,6.275,15
445.38,147.21,0.012590,2.652,5
445.95,159.83,0.007243,4.715,11
446.12,160.52,0.007441,3.687,9
446.42,139.36,0.029003,1.922,1
446.85,75.44,0.014780,3.872,9
447.07,76.08,0.014350,4.472,11
447.69,289.34,0.010733,2.403,4
447.88,280.13,0.013973,3.148,7
448.46,141.57,0.030476,1.824,1
448.46,73.82,0.013308,1.915,1
448.63,300.78,0.010314,3.691,9
449.37,328.10,0.007441,2.251,3
449.54,139.45,0.022313,1.773,0
449.54,139.45,0.022313,1.773,0
450.30,292.12,0.011229,2.375,4
450.77,304.56,0.011974,2.671,5
452.00,224.81,0.005876,21.104,29
452.10,11.64,0.007373,2.283,3
453.84,284.66,0.007936,4.443,11
454.02,300.51,0.006213,2.775,5
454.41,295.44,0.006128,1.974,1
454.57,318.15,0.017106,2.680,5
455.63,71.99,0.027803,2.690,5
455.95,273.53,0.011908,16.454,26
456.00,328.13,0.005609,2.415,4
456.02,303.93,0.013888,3.437,8
456.38,10.40,0.008194,2.395,4
458.14,148.81,0.016688,11.600,22
458.39,300.82,0.006670,2.402,4
458.59,278.85,0.008244,2.127,2
459.81,340.32,0.006373,1.867,1
460.85,9.38,0.007374,2.167,3
461.01,281.98,0.007845,1.692,0
461.37,273.90,0.005690,1.851,1
461.49,62.40,0.009220,14.037,24
462.31,148.64,0.015862,6.440,15
462.79,304.63,0.008826,1.839,1
463.30,278.77,0.008347,3.903,9
464.30,247.28,0.009236,7.175,16
464.80,214.19,0.009898,6.915,16
465.34,286.21,0.015545,3.353,8
466.11,279.12,0.006063,2.044,2
466.11,279.12,0.006063,2.044,2
466.44,287.41,0.017932,2.065,2
467.26,142.53,0.022360,1.747,0
467.69,305.34,0.006646,2.169,3
467.76,275.15,0.014907,3.619,8
467.86,115.19,0.011130,3.787,9
468.71,289.26,0.024043,2.260,3
468.79,289.12,0.023840,2.410,4
468.98,105.90,0.007026,2.368,4
469.27,203.79,0.011945,2.457,4
469.34,153.57,0.024860,3.833,9
469.34,153.57,0.024860,3.833,9
469.75,319.81,0.005405,2.151,2
469.90,305.87,0.006656,1.680,0
469.92,7.05,0.005190,1.768,0
470.63,140.75,0.025455,2.907,6
470.63,140.75,0.025455,2.907,6
471.06,107.88,0.044343,50.041,39
471.06,107.88,0.044343,50.041,39
471.06,107.88,0.044343,50.041,39
471.65,267.94,0.029988,2.427,4
471.65,267.94,0.029988,2.427,4
471.83,249.37,0.029536,2.374,4
471.91,157.55,0.022552,2.552,4
471.97,282.13,0.018807,2.588,5
471.98,230.41,0.028244,2.447,4
472.08,201.61,0.027890,2.414,4
472.08,201.61,0.027890,2.414,4
472.11,208.22,0.028247,2.455,4
472.11,208.22,0.028247,2.455,4
472.14,287.20,0.013306,2.340,3
473.76,150.42,0.036805,9.432,19
474.55,5.79,0.006079,1.714,0
474.72,182.40,0.017306,2.056,2
474.95,182.56,0.017050,2.379,4
475.05,274.35,0.019497,3.029,6
475.84,211.41,0.013464,3.738,9
475.92,182.91,0.015448,3.477,8
476.11,106.59,0.008082,2.783,5
477.36,69.40,0.015893,2.096,2
477.54,157.64,0.014479,2.068,2
477.86,312.72,0.011870,2.465,4
478.75,104.42,0.006992,2.268,3
478.85,4.72,0.006269,1.710,0
478.85,143.59,0.019715,2.722,5
480.35,288.56,0.008700,2.974,6
480.35,288.56,0.008700,2.974,6
480.64,161.58,0.011305,8.511,18
481.42,280.02,0.006551,2.184,3
482.44,3.17,0.006382,2.374,4
482.81,285.35,0.007052,2.338,3
482.96,69.02,0.014484,3.363,8
483.00,147.26,0.026161,3.806,9
483.12,95.14,0.007503,6.301,15
484.36,97.88,0.007566,3.100,7
484.52,267.49,0.014799,12.897,23
486.37,78.42,0.015234,1.932,1
486.88,75.84,0.031479,2.589,5
488.65,287.49,0.006690,2.693,5
488.65,287.49,0.006690,2.693,5
488.85,287.17,0.006662,3.612,8
489.52,263.61,0.014424,17.563,27
489.63,145.96,0.016547,2.431,4
490.57,315.09,0.009536,1.934,1
492.74,76.51,0.032089,2.379,4
492.99,310.41,0.006536,1.945,1
493.83,82.36,0.013952,5.098,12
493.83,82.36,0.013952,5.098,12
494.03,82.55,0.006611,2.054,2
494.51,340.20,0.005166,1.786,0
494.88,326.01,0.013734,2.258,3
495.39,169.42,0.006151,7.902,17
495.74,90.91,0.013376,3.364,8
496.00,90.63,0.013348,3.129,7
497.28,47.32,0.005036,3.930,9
497.28,47.32,0.005036,3.930,9
497.34,143.07,0.032320,2.144,2
497.46,313.80,0.005945,2.007,2
498.57,316.43,0.008441,1.977,1
498.78,145.22,0.016240,2.071,2
498.85,73.41,0.018207,1.741,0
499.30,273.28,0.010103,2.203,3
499.30,107.32,0.028236,2.174,3
499.47,182.83,0.006753,3.868,9
499.89,313.89,0.005872,1.956,1
505.17,317.73,0.008392,1.858,1
505.65,325.90,0.010750,2.233,3
506.39,346.09,0.005149,1.968,1
507.82,328.44,0.012604,2.091,2
507.88,315.35,0.007196,2.071,2
509.88,312.50,0.007188,3.168,7
509.88,312.79,0.007204,2.687,5
509.95,312.28,0.007033,3.575,8
510.42,318.21,0.008531,2.449,4
511.26,329.41,0.012146,2.756,5
511.86,332.26,0.009481,7.311,17
514.26,243.59,0.015743,44.413,37
514.63,156.58,0.008389,2.917,6
514.63,156.58,0.008389,2.917,6
515.97,330.05,0.011877,2.342,3
518.06,319.50,0.009133,2.252,3
521.46,319.97,0.009650,2.248,3
525.97,332.03,0.010880,3.147,7
526.63,315.34,0.006973,1.977,1
527.83,317.78,0.010745,1.895,1
527.94,323.46,0.009356,1.855,1
528.63,329.20,0.007565,1.692,0
529.13,347.56,0.005100,2.240,3
529.56,333.13,0.008383,1.953,1
530.85,148.32,0.005761,7.414,17
530.90,149.67,0.005958,6.193,15
532.00,323.95,0.005622,1.722,0
532.10,363.63,0.005912,1.960,1
532.10,363.63,0.005912,1.960,1
533.10,326.28,0.018896,11.256,22
538.95,320.04,0.014506,2.821,6
539.35,334.45,0.010522,2.328,3
540.93,331.27,0.011318,2.983,6
542.12,323.76,0.014234,2.935,6
543.15,327.18,0.011450,2.606,5
543.61,122.44,0.005833,8.571,18
546.34,95.19,0.006879,53.144,39
547.53,335.67,0.013481,2.550,4
548.22,327.74,0.011831,1.748,0
548.56,328.11,0.011594,2.252,3
550.21,333.78,0.011478,2.264,3
551.27,22.83,0.006394,6.307,15
552.32,21.67,0.006314,7.416,17
553.20,109.94,0.006989,5.103,12
554.38,108.41,0.006509,6.686,16
556.69,89.75,0.005705,22.597,30
558.98,303.72,0.005019,1.790,0
559.17,99.84,0.006126,14.937,25
559.27,209.43,0.017357,98.176,47
559.60,61.72,0.005023,1.965,1
564.72,324.98,0.009989,1.699,0
565.66,19.93,0.007585,5.307,13
566.47,322.09,0.006241,3.544,8
568.94,351.64,0.007180,1.725,0
569.26,108.19,0.007353,4.875,12
569.26,108.19,0.007353,4.875,12
569.69,108.57,0.007545,4.238,10
569.69,108.57,0.007545,4.238,10
570.12,73.78,0.005322,3.863,9
570.86,72.84,0.005675,2.915,6
571.97,24.49,0.007989,7.817,17
572.02,369.37,0.005138,1.982,1
573.59,322.96,0.007105,3.923,9
575.48,112.06,0.008700,7.595,17
576.23,18.58,0.006871,3.949,9
576.87,18.01,0.006698,4.763,12
581.45,106.71,0.007399,5.276,13
581.45,106.71,0.007399,5.276,13
584.13,277.12,0.010284,2.365,4
586.22,327.02,0.008038,1.926,1
587.05,73.32,0.007586,12.891,23
587.13,354.69,0.005760,1.736,0
587.13,354.69,0.005760,1.736,0
587.13,354.69,0.005760,1.736,0
587.32,277.37,0.011315,2.352,3
587.77,100.27,0.008221,11.612,22
587.98,158.79,0.005314,14.751,25
587.98,158.79,0.005314,14.751,25
589.79,157.91,0.005451,13.109,23
589.79,157.91,0.005451,13.109,23
590.70,328.08,0.008273,1.815,0
591.09,103.39,0.007430,7.946,17
591.92,13.81,0.006126,6.151,15
592.72,118.41,0.009799,5.462,13
592.94,65.08,0.005206,5.547,13
593.02,105.62,0.007649,5.041,12
593.02,105.62,0.007649,5.041,12
593.15,344.40,0.013387,2.257,3
593.31,26.88,0.007277,4.026,10
593.94,327.01,0.006455,4.522,11
594.57,65.00,0.006165,2.310,3
594.83,69.34,0.006067,1.951,1
595.65,335.65,0.013112,1.921,1
597.52,84.65,0.005015,3.080,7
598.22,220.54,0.005921,2.857,6
598.22,220.54,0.005921,2.857,6
599.09,20.86,0.008057,11.640,22
600.03,110.19,0.008214,10.591,21
600.21,153.59,0.005608,3.996,10
600.21,153.59,0.005608,3.996,10
600.51,332.55,0.010456,2.289,3
600.99,10.35,0.007827,8.426,18
602.94,332.65,0.010333,2.283,3
603.96,219.39,0.008888,1.813,0
603.96,219.39,0.008888,1.813,0
606.84,331.07,0.008606,2.123,2
606.98,331.29,0.008815,1.870,1
610.18,333.93,0.011454,2.048,2
612.30,212.95,0.006447,6.126,14
612.33,212.89,0.006450,6.178,15
612.37,213.59,0.006499,5.476,13
618.11,218.88,0.007338,5.036,12
618.15,349.47,0.013533,2.905,6
620.10,307.35,0.006230,2.020,2
620.10,307.35,0.006230,2.020,2
620.27,218.34,0.006384,2.163,2
620.84,339.36,0.009527,2.806,5
626.15,332.46,0.008543,5.594,13
628.20,340.56,0.013788,2.101,2
632.10,337.44,0.011207,2.619,5
634.17,341.28,0.012351,2.738,5
638.36,283.18,0.008623,2.073,2
639.05,336.48,0.007623,1.744,0
639.91,218.93,0.009432,2.620,5
640.29,353.24,0.013343,2.858,6
644.86,219.12,0.008740,3.517,8
645.09,225.25,0.005096,5.546,13
648.50,216.46,0.005055,2.488,4
650.33,220.04,0.010053,4.050,10
652.29,284.78,0.011518,2.032,2
654.61,216.57,0.005145,2.491,4
655.41,338.29,0.006608,3.127,7
655.95,371.54,0.006120,1.675,0
656.50,341.40,0.005972,1.978,1
657.70,58.23,0.007391,2.845,6
657.77,58.26,0.007334,2.983,6
658.44,220.10,0.012420,4.212,10
658.52,54.45,0.006739,2.194,3
658.52,54.45,0.006739,2.194,3
658.65,47.50,0.005045,1.809,0
658.72,10.17,0.005273,1.915,1
658.79,33.88,0.005521,1.710,0
659.09,179.15,0.006192,3.437,8
659.70,175.56,0.005784,1.900,1
661.60,110.09,0.007725,1.918,1
661.80,57.60,0.007743,6.729,16
662.19,120.54,0.005262,2.477,4
662.22,216.25,0.006386,3.994,10
662.60,216.58,0.006574,3.633,8
663.12,286.11,0.010116,2.360,3
663.44,178.77,0.006724,6.893,16
663.44,178.77,0.006724,6.893,16
663.44,178.77,0.006724,6.893,16
663.78,121.31,0.005378,4.598,11
664.79,327.03,0.006820,1.909,1
664.84,350.30,0.020204,9.189,19
667.06,221.01,0.009430,4.633,11
668.13,127.37,0.005912,2.039,2
668.13,127.37,0.005912,2.039,2
668.29,358.35,0.012238,3.569,8
668.35,349.17,0.007273,2.129,2
668.60,216.81,0.005919,2.809,5
668.97,46.87,0.007122,2.983,6
669.62,46.00,0.006800,4.005,10
669.71,12.72,0.005201,12.603,23
670.08,142.59,0.006779,4.286,10
670.14,131.56,0.006488,6.920,16
670.23,134.74,0.006211,4.710,11
670.23,134.74,0.006211,4.710,11
671.19,343.83,0.014233,2.086,2
671.20,232.13,0.005783,8.548,18
671.64,43.38,0.006117,7.156,16
671.65,151.99,0.006454,2.646,5
671.80,358.33,0.011399,2.302,3
671.84,41.89,0.005963,8.945,19
671.87,162.49,0.006915,2.532,4
672.12,173.15,0.008210,5.459,13
672.16,141.48,0.005845,2.204,3
672.29,327.61,0.005888,1.736,0
672.33,162.88,0.007085,1.943,1
672.39,370.39,0.006595,1.795,0
673.52,138.98,0.018610,1.811,0
673.74,148.27,0.010166,10.567,21
675.02,222.07,0.008417,5.452,13
675.02,222.07,0.008417,5.452,13
675.58,221.48,0.008334,4.135,10
675.75,358.98,0.011939,3.246,7
676.28,135.88,0.013674,1.844,1
677.37,138.47,0.007519,1.976,1
678.01,151.45,0.008486,1.884,1
678.59,132.19,0.009196,1.938,1
678.97,134.83,0.011201,1.998,2
678.99,356.94,0.012120,1.971,1
679.08,354.57,0.008998,1.728,0
679.15,163.47,0.013610,3.667,9
680.64,242.79,0.005345,1.698,0
680.66,151.90,0.010457,2.606,5
681.09,225.57,0.005928,2.090,2
681.31,127.55,0.008290,3.573,8
681.31,127.55,0.008290,3.573,8
681.50,158.64,0.016342,3.222,7
681.56,231.06,0.005645,1.915,1
681.71,348.22,0.012690,2.327,3
681.75,363.22,0.005593,2.019,2
681.78,158.15,0.015940,3.538,8
681.93,132.60,0.016840,2.770,5
681.93,132.60,0.016840,2.770,5
681.93,132.60,0.016840,2.770,5
682.76,162.10,0.018482,2.216,3
682.99,166.26,0.017756,3.933,9
683.45,138.95,0.010879,2.116,2
684.05,129.07,0.007430,1.942,1
684.05,129.07,0.007430,1.942,1
684.49,151.17,0.015304,7.991,18
686.22,222.04,0.010681,3.094,7
686.34,159.38,0.019000,2.618,5
686.49,225.53,0.006685,1.999,2
687.10,139.05,0.009110,3.050,6
687.10,138.70,0.009111,2.692,5
688.45,167.11,0.015266,2.836,6
688.69,156.40,0.016802,1.948,1
689.28,135.79,0.010080,2.116,2
689.63,143.91,0.016156,11.288,22
689.86,223.30,0.009223,6.768,16
689.93,159.54,0.017094,2.457,4
690.06,151.44,0.008983,1.803,0
690.84,153.87,0.017773,2.300,3
691.48,115.54,0.005407,14.434,24
691.48,115.54,0.005407,14.434,24
692.06,114.78,0.005434,13.133,23
693.26,155.42,0.016230,2.428,4
693.30,134.08,0.011715,4.486,11
694.43,150.17,0.015439,1.800,0
694.45,163.15,0.014347,1.835,1
694.50,153.15,0.015181,1.836,1
694.50,153.15,0.015181,1.836,1
694.57,221.50,0.005972,1.735,0
694.65,124.86,0.009465,1.994,2
694.90,131.96,0.010470,2.241,3
694.90,131.96,0.010470,2.241,3
695.01,131.75,0.010497,2.029,2
695.01,131.75,0.010497,2.029,2
695.03,104.48,0.006163,2.016,2
696.08,40.56,0.007874,5.468,13
696.08,40.56,0.007874,5.468,13
696.14,122.54,0.006341,1.955,1
696.52,164.86,0.009996,2.350,3
696.58,156.36,0.015431,2.818,6
696.68,166.41,0.010426,3.170,7
696.95,118.00,0.006220,3.800,9
697.48,349.90,0.011011,3.149,7
697.70,144.51,0.011421,1.767,0
697.81,125.45,0.009611,3.306,7
697.81,125.45,0.009611,3.306,7
697.81,125.45,0.009611,3.306,7
697.84,41.99,0.007655,2.996,6
697.95,2.55,0.006892,2.652,5
698.27,42.31,0.007711,2.356,3
698.60,227.91,0.005730,2.646,5
698.62,106.48,0.007443,2.019,2
698.62,106.48,0.007443,2.019,2
698.78,146.53,0.014070,1.889,1
698.96,160.59,0.013691,4.195,10
699.26,178.79,0.007609,5.207,13
699.44,163.53,0.010474,2.622,5
699.51,167.55,0.008157,1.772,0
699.87,51.94,0.008851,4.326,10
700.00,46.03,0.005979,4.326,10
700.00,46.03,0.005979,4.326,10
700.72,118.26,0.005838,1.874,1
700.83,47.84,0.005117,1.920,1
700.98,151.12,0.005040,1.887,1
701.12,147.31,0.005553,1.719,0
701.94,343.71,0.006035,3.637,8
702.74,224.87,0.007937,3.886,9
702.82,350.56,0.012299,3.115,7
703.44,225.51,0.007327,2.627,5
704.05,225.78,0.007801,1.701,0
707.00,233.52,0.005361,9.748,20
707.15,232.54,0.005486,8.450,18
707.84,344.29,0.006273,4.109,10
710.62,223.59,0.009498,4.851,12
712.10,349.05,0.010478,2.362,3
712.55,333.41,0.005221,1.861,1
713.49,220.44,0.005420,1.944,1
716.12,352.59,0.011557,3.145,7
716.31,367.49,0.005429,1.966,1
716.31,367.49,0.005429,1.966,1
719.40,343.94,0.005382,1.772,0
721.63,369.27,0.006022,2.092,2
723.21,225.01,0.005139,2.724,5
724.83,220.42,0.005875,2.539,4
725.85,345.92,0.006102,4.546,11
725.98,348.51,0.009197,1.709,0
731.02,224.16,0.011725,6.298,15
731.40,219.67,0.005395,2.432,4
732.01,370.32,0.007961,1.976,1
733.95,292.13,0.008159,2.273,3
735.36,351.90,0.011100,2.082,2
736.27,355.57,0.016196,2.668,5
737.41,225.46,0.007305,2.698,5
737.64,232.49,0.005926,7.578,17
739.09,350.38,0.005565,1.742,0
740.26,228.09,0.005807,2.002,2
740.94,355.70,0.012222,2.763,5
741.03,320.24,0.008090,3.311,7
743.36,352.97,0.013023,1.870,1
744.10,313.58,0.009985,2.265,3
744.37,356.09,0.012680,2.842,6
746.20,316.36,0.016723,2.067,2
747.26,314.48,0.007381,1.690,0
747.85,223.28,0.009615,1.880,1
748.78,351.68,0.009703,1.713,0
750.09,353.62,0.009530,1.804,0
750.64,221.40,0.005013,2.467,4
751.09,357.34,0.013471,2.726,5
751.51,372.80,0.007066,1.776,0
752.93,366.79,0.012478,3.200,7
753.55,352.14,0.006765,1.787,0
753.86,55.21,0.005372,1.852,1
754.73,62.05,0.005990,3.146,7
754.93,62.07,0.005930,3.396,8
756.26,37.17,0.006287,2.760,5
756.58,109.47,0.005945,1.904,1
756.97,174.60,0.005875,1.840,1
757.42,355.34,0.014089,1.713,0
757.79,294.50,0.008089,2.107,2
758.65,358.12,0.013977,2.639,5
759.02,100.50,0.007281,2.037,2
759.51,113.34,0.006057,2.667,5
759.57,196.73,0.005364,7.984,18
761.35,222.34,0.005197,1.794,0
764.05,53.15,0.007834,19.184,28
764.05,53.15,0.007834,19.184,28
766.21,230.32,0.006211,3.799,9
766.41,179.07,0.005150,4.938,12
766.89,233.67,0.005628,7.667,17
767.51,154.62,0.005725,2.962,6
767.86,229.66,0.005053,1.890,1
768.06,155.28,0.005623,3.693,9
768.51,156.02,0.005361,4.623,11
770.10,335.61,0.005287,1.691,0
770.10,165.72,0.006602,5.997,14
770.24,359.65,0.013080,2.942,6
770.85,182.69,0.006289,9.656,20
770.90,189.78,0.007118,24.793,31
772.10,43.76,0.010154,1.701,0
772.10,43.76,0.010154,1.701,0
772.54,356.92,0.009301,1.934,1
772.90,354.55,0.006883,2.225,3
775.88,191.76,0.005578,2.621,5
776.55,228.26,0.005391,1.785,0
778.18,177.75,0.005060,3.523,8
778.38,296.50,0.007931,2.076,2
778.51,177.40,0.005218,2.918,6
780.47,223.42,0.005334,2.536,4
780.86,223.77,0.005408,2.079,2
781.90,226.43,0.010790,2.326,3
781.90,226.43,0.010790,2.326,3
782.95,361.52,0.009955,2.890,6
783.00,355.89,0.006790,2.184,3
783.26,95.69,0.006549,1.919,1
783.29,182.15,0.006218,9.452,19
783.29,41.94,0.010817,1.758,0
783.92,177.09,0.005348,2.486,4
784.03,153.53,0.005138,2.056,2
784.38,160.19,0.008746,10.463,21
786.36,153.49,0.005040,2.147,2
787.43,356.85,0.006280,1.896,1
787.86,362.08,0.011871,3.034,6
788.25,224.28,0.005838,2.566,4
789.34,232.69,0.005421,4.595,11
789.81,176.84,0.005823,2.496,4
791.55,157.83,0.006013,1.774,0
791.55,157.83,0.006013,1.774,0
791.73,323.61,0.010641,3.975,10
791.86,153.04,0.008485,1.946,1
791.86,153.04,0.008485,1.946,1
792.20,184.19,0.005680,1.879,1
792.66,155.57,0.007211,1.936,1
792.66,155.57,0.007211,1.936,1
792.93,230.85,0.005350,2.574,4
793.73,162.87,0.005986,5.330,13
794.70,40.08,0.010813,1.705,0
795.01,355.43,0.008535,1.681,0
796.59,224.59,0.005909,2.010,2
797.92,177.98,0.006813,1.907,1
797.92,177.98,0.006813,1.907,1
797.92,177.98,0.006813,1.907,1
798.40,231.12,0.005226,2.647,5
799.53,363.84,0.014939,3.221,7
799.81,277.88,0.015533,2.018,2
800.47,39.23,0.010543,1.749,0
800.47,39.23,0.010543,1.749,0
800.56,322.89,0.010334,1.949,1
800.81,184.79,0.007960,2.507,4
803.33,164.20,0.007947,20.187,28
803.33,164.20,0.007947,20.187,28
803.60,177.82,0.006700,1.845,1
803.60,177.82,0.006700,1.845,1
805.32,298.90,0.007581,1.727,0
806.32,38.35,0.011049,1.801,0
806.41,356.74,0.005476,5.243,13
806.64,185.01,0.009019,2.557,4
806.64,185.01,0.009019,2.557,4
806.85,176.67,0.005822,2.795,5
808.04,364.71,0.012758,3.120,7
808.34,234.41,0.005991,1.981,1
808.75,40.06,0.005627,2.286,3
809.09,151.97,0.005257,1.682,0
809.62,183.70,0.006658,2.236,3
809.69,177.97,0.005518,2.087,2
810.62,92.89,0.005608,2.075,2
811.78,42.08,0.006982,2.380,4
812.44,37.34,0.008509,1.828,1
812.84,158.27,0.005236,6.136,15
814.97,39.89,0.006585,2.854,6
814.97,39.89,0.006585,2.854,6
814.97,39.89,0.006585,2.854,6
815.45,226.48,0.005094,2.660,5
815.80,244.94,0.005018,1.722,0
817.33,278.87,0.006943,2.315,3
817.33,278.87,0.006943,2.315,3
817.57,178.78,0.007430,5.810,14
817.75,247.24,0.007789,1.897,1
817.84,152.04,0.007560,1.970,1
818.30,36.41,0.010279,1.822,1
818.88,165.88,0.010993,3.198,7
819.09,230.10,0.011998,3.992,10
820.93,362.72,0.013515,1.831,1
820.93,362.72,0.013515,1.831,1
822.05,236.20,0.007085,5.270,13
824.03,185.28,0.006261,1.797,0
824.26,227.44,0.005173,2.256,3
824.55,35.47,0.010264,1.763,0
825.31,151.98,0.006426,2.291,3
825.91,163.78,0.007424,3.580,8
825.91,163.78,0.007424,3.580,8
825.96,298.47,0.009364,2.902,6
826.71,170.10,0.005689,8.693,19
827.07,230.60,0.009169,4.660,11
827.12,183.46,0.005089,2.612,5
830.12,185.25,0.006143,1.716,0
830.12,185.25,0.006143,1.716,0
830.63,34.40,0.009983,1.789,0
831.58,364.18,0.010355,2.001,2
832.22,179.65,0.005043,7.332,17
833.08,156.15,0.005324,3.635,8
833.91,362.49,0.006353,1.697,0
834.42,367.75,0.014251,3.178,7
834.62,301.51,0.011263,1.751,0
836.36,185.03,0.006852,1.725,0
836.57,33.50,0.009804,1.857,1
836.59,362.61,0.005361,1.818,0
837.39,90.02,0.005075,2.128,2
838.90,235.08,0.005529,4.045,10
840.12,263.23,0.005104,2.275,3
842.59,368.88,0.014349,3.035,6
842.86,32.51,0.010572,1.826,1
844.14,156.56,0.005853,5.042,12
844.14,156.56,0.005853,5.042,12
844.21,156.46,0.005899,4.787,12
844.21,156.46,0.005899,4.787,12
848.15,228.37,0.005086,2.019,2
848.54,233.29,0.007095,1.783,0
849.26,31.43,0.009978,1.931,1
851.58,159.93,0.006857,5.087,12
851.58,159.93,0.006857,5.087,12
852.47,157.07,0.006357,2.040,2
852.98,39.97,0.006570,25.539,31
852.99,165.37,0.006280,1.847,1
853.03,366.66,0.007871,1.794,0
853.03,88.54,0.005793,2.004,2
853.85,32.97,0.005434,2.037,2
854.76,225.69,0.005086,21.939,29
855.81,230.89,0.008099,2.048,2
855.84,30.43,0.009417,1.847,1
856.91,365.11,0.006339,1.809,0
857.06,194.48,0.005056,22.934,30
857.27,370.72,0.013882,3.163,7
857.54,148.16,0.006709,1.693,0
858.47,348.62,0.005252,1.706,0
858.63,234.06,0.006408,2.428,4
858.86,156.44,0.006246,5.863,14
858.86,156.44,0.006246,5.863,14
859.46,196.26,0.005017,17.995,27
859.46,196.26,0.005017,17.995,27
859.62,87.95,0.005700,1.780,0
859.82,231.05,0.012497,2.312,3
859.82,231.05,0.012497,2.312,3
859.89,32.88,0.005403,3.443,8
861.82,104.95,0.005022,4.084,10
861.99,155.35,0.007504,2.506,4
861.99,155.35,0.007504,2.506,4
862.07,234.47,0.005273,1.917,1
862.07,234.47,0.005273,1.917,1
862.36,29.26,0.007123,1.786,0
862.39,90.79,0.006412,3.386,8
862.39,90.79,0.006412,3.386,8
862.89,104.44,0.005036,2.478,4
862.95,90.14,0.007043,2.429,4
862.95,90.14,0.007043,2.429,4
863.20,371.35,0.006785,1.768,0
863.54,198.21,0.005906,9.264,19
863.54,198.21,0.005906,9.264,19
864.52,349.49,0.005694,1.682,0
864.89,19.33,0.005591,2.882,6
864.98,368.10,0.013293,1.833,1
864.98,368.10,0.013293,1.833,1
865.07,233.95,0.006898,2.180,3
865.87,47.20,0.006922,4.853,12
865.87,47.20,0.006922,4.853,12
867.29,371.14,0.016017,2.842,6
871.86,368.71,0.010437,1.897,1
872.93,371.95,0.012926,2.805,5
874.25,231.49,0.010032,3.288,7
874.31,231.44,0.009862,3.472,8
874.71,366.96,0.007741,1.701,0
876.21,236.18,0.006079,4.391,11
877.21,231.85,0.007366,1.871,1
879.68,367.58,0.006366,1.680,0
881.27,230.94,0.009811,4.658,11
882.21,352.48,0.006849,1.721,0
882.21,352.48,0.006849,1.721,0
884.98,304.44,0.011999,3.756,9
884.99,231.51,0.009469,2.300,3
886.03,372.96,0.010958,2.408,4
888.03,370.42,0.007742,2.002,2
888.49,230.93,0.011081,2.127,2
888.58,300.55,0.009920,3.888,9
894.37,231.71,0.008494,3.493,8
897.06,346.22,0.005075,1.953,1
900.11,83.59,0.006484,3.129,7
900.11,371.58,0.005435,3.020,6
900.11,371.58,0.005435,3.020,6
900.95,230.76,0.009022,3.719,9
901.18,91.50,0.006877,3.722,9
901.48,303.86,0.010639,1.773,0
904.36,238.88,0.005202,7.446,17
904.74,239.59,0.005101,8.344,18
911.83,304.16,0.010147,1.773,0
912.07,231.40,0.008801,5.702,14
915.31,82.26,0.006814,3.545,8
920.81,89.47,0.006169,3.602,8
921.79,304.70,0.008682,1.789,0
922.65,372.56,0.005126,1.786,0
923.14,231.37,0.008089,1.944,1
926.07,350.35,0.005605,1.761,0
926.07,350.35,0.005605,1.761,0
927.15,85.72,0.017036,31.111,33
929.15,306.11,0.010423,4.068,10
930.40,87.93,0.005715,4.788,12
930.44,81.36,0.008152,5.023,12
931.22,234.51,0.012416,1.760,0
932.17,230.88,0.007809,1.733,0
932.17,230.88,0.007809,1.733,0
939.24,235.51,0.006378,2.237,3
940.24,206.89,0.013591,20.010,28
940.53,232.82,0.005306,1.865,1
940.60,232.06,0.006591,6.483,15
943.89,161.53,0.015126,7.056,16
944.35,187.46,0.015587,12.271,23
944.84,214.20,0.014672,14.467,24
944.98,161.78,0.015423,5.479,13
945.23,187.56,0.015656,10.899,21
945.55,161.97,0.015447,4.683,11
946.04,167.12,0.010202,2.093,2
946.05,215.43,0.014862,13.169,23
947.69,40.91,0.013094,2.146,2
949.11,155.89,0.016076,4.154,10
949.23,165.67,0.015473,2.671,5
949.52,165.38,0.015472,3.092,7
949.96,165.02,0.015206,3.661,9
951.11,177.73,0.018440,4.532,11
951.72,201.80,0.016258,3.052,6
952.06,226.38,0.009415,3.406,8
952.40,226.81,0.009724,3.034,6
953.71,307.84,0.011955,6.949,16
954.42,218.37,0.013200,3.219,7
954.43,210.56,0.014421,2.572,4
955.86,213.46,0.012504,1.887,1
955.93,174.18,0.014642,12.773,23
960.36,225.11,0.024872,9.774,20
961.14,228.62,0.012101,2.425,4
962.00,372.51,0.005030,2.365,4
963.08,232.12,0.011037,4.018,10
963.27,230.38,0.013158,1.852,1
966.47,228.85,0.013079,2.279,3
966.50,228.69,0.013017,2.558,4
967.29,239.92,0.014502,13.881,24
967.31,237.76,0.014960,11.245,22
968.03,309.48,0.010970,9.770,20
969.37,231.46,0.010562,2.902,6
969.48,308.12,0.011210,7.269,16
969.68,81.83,0.023970,41.931,37
973.35,326.12,0.007282,1.689,0
973.35,326.12,0.007282,1.689,0
973.91,328.67,0.005151,1.691,0
975.27,212.62,0.039477,33.885,34
975.27,212.62,0.039477,33.885,34
980.48,231.97,0.013816,1.921,1
983.99,106.21,0.014446,1.678,0
985.66,237.56,0.010537,9.095,19
988.46,232.10,0.011072,1.811,0
993.51,109.34,0.034012,14.076,24
996.57,234.40,0.006691,1.729,0
997.25,47.15,0.036361,20.862,29
998.41,205.74,0.028987,10.430,21
999.71,117.84,0.014308,4.427,11
999.86,101.08,0.019547,2.322,3
1000.37,39.33,0.013511,1.902,1
1000.63,121.74,0.011163,1.743,0
1001.52,326.65,0.009183,2.260,3
1001.78,162.01,0.005489,1.906,1
1001.93,145.09,0.005333,1.866,1
1002.16,156.06,0.005024,2.345,3
1002.80,324.40,0.006314,1.898,1
1003.00,80.71,0.013345,26.569,31
1003.28,232.81,0.007524,2.063,2
1003.38,306.20,0.010949,2.548,4
1003.70,122.11,0.032110,2.921,6
1003.83,35.16,0.012835,1.969,1
1004.64,219.99,0.016668,10.308,21
1005.15,232.16,0.008925,5.716,14
1007.94,33.75,0.029956,5.247,13
1008.14,127.98,0.020654,4.972,12
1008.21,21.74,0.031093,10.611,21
1008.29,117.05,0.037677,9.764,20
1008.29,117.05,0.037677,9.764,20
1008.64,172.79,0.024878,4.971,12
1009.23,73.41,0.030960,103.922,47
1009.71,191.24,0.034510,4.863,12
1009.71,191.24,0.034510,4.863,12
1010.09,57.12,0.023761,4.931,12
1010.91,41.87,0.032965,6.203,15
1011.14,364.61,0.005350,1.956,1
1011.53,174.58,0.024384,1.937,1
1011.97,27.73,0.027250,6.279,15
1012.32,123.86,0.028829,2.965,6
1013.03,36.72,0.019993,2.081,2
1013.45,231.41,0.008768,2.172,3
1013.95,115.51,0.030927,5.282,13
1013.95,115.51,0.030927,5.282,13
1015.00,232.05,0.009050,5.230,13
1016.57,31.53,0.010561,1.761,0
1016.68,307.33,0.006274,1.709,0
1017.53,48.96,0.006347,1.868,1
1018.18,47.33,0.026316,7.189,16
1018.18,47.33,0.026316,7.189,16
1018.66,109.91,0.035412,6.311,15
1018.66,109.91,0.035412,6.311,15
1018.78,239.92,0.006867,7.297,17
1019.22,121.99,0.030346,6.142,15
1019.84,180.60,0.015459,4.949,12
1021.96,185.57,0.008759,2.031,2
1024.31,232.35,0.010260,5.073,12
1024.84,154.69,0.032935,4.086,10
1024.84,154.69,0.032935,4.086,10
1025.45,233.81,0.008197,1.729,0
1026.97,236.07,0.006407,1.960,1
1029.35,369.18,0.005529,2.184,3
1030.98,360.58,0.005360,1.766,0
1032.90,130.74,0.030015,15.440,25
1033.44,308.72,0.010981,5.649,14
1034.35,233.52,0.011863,3.902,9
1034.60,145.73,0.016676,7.267,16
1041.21,75.73,0.033363,55.939,40
1044.11,233.76,0.010647,3.865,9
1044.11,233.76,0.010647,3.865,9
1044.89,307.30,0.011603,2.299,3
1050.59,242.23,0.005026,7.393,17
1050.91,233.83,0.011422,2.892,6
1050.91,233.83,0.011422,2.892,6
1051.71,303.92,0.010866,4.166,10
1055.20,324.89,0.005321,1.809,0
1057.28,114.28,0.015701,9.591,20
1057.44,112.99,0.015778,8.454,18
1058.07,105.34,0.016330,2.108,2
1059.29,234.27,0.012503,3.641,8
1059.86,326.92,0.006647,1.690,0
1059.86,326.92,0.006647,1.690,0
1061.98,304.28,0.010579,4.138,10
1062.36,83.54,0.023880,19.165,28
1068.69,243.08,0.005618,7.406,17
1070.52,59.87,0.016163,4.118,10
1071.75,308.15,0.007734,2.501,4
1073.97,232.60,0.012294,1.808,0
1073.99,320.86,0.005916,1.732,0
1073.99,320.86,0.005916,1.732,0
1074.15,237.65,0.006127,2.041,2
1075.19,184.57,0.010493,3.710,9
1076.09,307.39,0.008200,1.727,0
1076.48,32.04,0.011555,4.264,10
1081.32,309.48,0.007823,5.044,12
1084.05,370.93,0.005398,1.788,0
1084.19,233.30,0.014438,3.899,9
1088.09,342.10,0.005177,1.766,0
1088.20,200.90,0.007927,4.067,10
1088.20,200.90,0.007927,4.067,10
1090.52,199.48,0.006896,1.693,0
1092.16,304.33,0.006249,2.492,4
1092.31,317.60,0.011826,19.264,28
1092.59,321.36,0.011834,25.998,31
1094.30,236.64,0.005879,2.119,2
1095.89,233.68,0.013800,4.152,10
1098.78,230.26,0.007274,2.511,4
1105.05,308.48,0.009656,1.912,1
1107.17,228.66,0.007125,4.450,11
1107.20,228.42,0.007006,4.840,12
1110.54,48.76,0.005127,2.000,2
1111.20,238.94,0.009803,1.791,0
1124.67,229.47,0.007568,3.098,7
1127.27,304.91,0.008472,2.782,5
1131.42,236.55,0.005155,1.679,0
1131.42,236.55,0.005155,1.679,0
1132.89,230.37,0.006790,2.146,2
1136.85,308.02,0.015453,2.718,5
1136.85,308.02,0.015453,2.718,5
1141.73,308.36,0.016538,2.679,5
1141.73,308.36,0.016538,2.679,5
1143.98,364.14,0.006724,1.685,0
1147.34,233.97,0.014540,3.967,9
1150.51,305.77,0.008128,2.557,4
1151.59,14.91,0.006184,1.910,1
1156.64,229.97,0.008103,3.329,7
1156.64,229.80,0.008129,3.532,8
1157.42,236.08,0.007093,1.908,1
1157.78,235.28,0.013692,6.964,16
1157.90,235.18,0.013892,6.614,15
1160.03,307.81,0.012941,4.652,11
1160.03,307.81,0.012941,4.652,11
1163.08,303.89,0.006332,3.300,7
1164.37,345.03,0.005250,1.772,0
1164.99,233.83,0.010396,1.868,1
1165.34,229.89,0.008526,4.160,10
1167.79,308.32,0.011729,4.065,10
1167.79,308.32,0.011729,4.065,10
1167.96,38.29,0.006617,2.845,6
1168.40,309.00,0.011059,2.374,4
1170.03,347.72,0.006124,2.122,2
1170.03,347.72,0.006124,2.122,2
1170.03,4.39,0.005219,2.770,5
1171.07,234.19,0.012835,5.558,13
1171.91,238.09,0.005736,2.051,2
1172.46,302.00,0.005591,5.146,12
1173.42,308.06,0.005069,2.463,4
1177.23,229.81,0.006805,3.900,9
1182.30,234.71,0.013281,5.726,14
1182.30,234.71,0.013281,5.726,14
1183.16,302.60,0.006406,2.350,3
1184.51,308.09,0.010154,6.574,15
1184.53,307.74,0.010174,7.215,16
1185.08,366.57,0.005698,1.897,1
1186.59,308.82,0.011843,2.935,6
1189.97,240.67,0.005339,3.877,9
1190.93,236.45,0.005716,1.967,1
1194.01,308.45,0.011023,2.296,3
1198.50,308.36,0.009254,2.306,3
1202.60,241.38,0.005938,5.017,12
1204.47,309.34,0.010698,1.792,0
1205.25,235.55,0.013354,4.652,11
1214.15,302.09,0.005594,1.805,0
1216.01,307.42,0.009710,6.830,16
1216.01,307.42,0.009710,6.830,16
1216.40,307.12,0.007943,1.860,1
1216.62,307.38,0.009723,6.563,15
1216.62,236.80,0.006614,1.826,1
1217.21,234.31,0.012134,2.265,3
1222.74,299.75,0.005033,6.976,16
1223.33,300.80,0.005120,5.972,14
1225.53,235.19,0.015590,3.951,9
1226.15,243.77,0.005915,1.792,0
1227.59,240.34,0.007655,3.991,10
1227.96,304.73,0.007179,1.678,0
1227.96,304.73,0.007179,1.678,0
1230.29,308.17,0.008660,3.548,8
1231.14,237.28,0.008373,1.705,0
1235.14,359.50,0.006119,1.814,0
1235.74,234.11,0.009129,2.599,5
1237.49,231.48,0.008145,2.506,4
1237.83,231.84,0.008242,1.894,1
